Id;TrialId;s1;s2;s3;s4;s5;s6;s7;s8;s9;x9;y9;changecorrect;changetype;firstG;secondG;fisrtL;secondL
0;1;Fa.bmp;Ha.bmp;Ne.bmp;Fh.bmp;Ak.bmp;Fc.bmp;Uz.bmp;Fn.bmp;Nc.bmp;20;50;7;GL;U;N;Z;C
1;2;Zc.bmp;Me.bmp;Ek.bmp;Au.bmp;Mn.bmp;Um.bmp;Ea.bmp;Eo.bmp;Fe.bmp;50;15;1;GL;Z;F;C;E
2;3;Oa.bmp;Fa.bmp;Hc.bmp;Fk.bmp;Mk.bmp;Fh.bmp;Uc.bmp;Ze.bmp;On.bmp;50;15;1;L;O;O;A;N
3;4;Ko.bmp;Af.bmp;Uh.bmp;Uk.bmp;Om.bmp;Ce.bmp;Nc.bmp;Oe.bmp;Za.bmp;50;85;5;GL;O;Z;M;A
4;5;Za.bmp;Fk.bmp;Nh.bmp;Ao.bmp;Uk.bmp;Ef.bmp;Cn.bmp;Ka.bmp;Kc.bmp;50;15;1;GL;Z;K;A;C
5;6;Uz.bmp;Fm.bmp;Cz.bmp;Mn.bmp;Kn.bmp;Ek.bmp;Ke.bmp;Mz.bmp;Cf.bmp;71;73;4;GL;M;C;N;F
6;7;Ma.bmp;Cz.bmp;Ez.bmp;Kh.bmp;Oe.bmp;Ha.bmp;Zu.bmp;Zc.bmp;Me.bmp;29;27;8;GL;Z;M;C;E
7;8;Zc.bmp;Kn.bmp;Ca.bmp;Nk.bmp;En.bmp;Uk.bmp;Co.bmp;Zk.bmp;Ck.bmp;29;27;8;G;Z;C;K;K
8;9;Ef.bmp;Ou.bmp;Zn.bmp;Hz.bmp;Uk.bmp;Hm.bmp;Ck.bmp;Eo.bmp;Kn.bmp;50;15;1;GL;E;K;F;N
9;10;Zo.bmp;Uk.bmp;Fe.bmp;Of.bmp;Cz.bmp;Fn.bmp;Eh.bmp;Ck.bmp;Fu.bmp;80;50;3;L;F;F;E;U
10;11;Hu.bmp;Hk.bmp;Za.bmp;Mf.bmp;Nk.bmp;Nz.bmp;Oe.bmp;Oa.bmp;Zn.bmp;50;15;1;GL;H;Z;U;N
11;12;Ek.bmp;Fa.bmp;Nu.bmp;Ez.bmp;Cz.bmp;Fc.bmp;Af.bmp;Hm.bmp;Fm.bmp;29;73;6;L;F;F;C;M
12;13;Um.bmp;Hf.bmp;Fa.bmp;Uo.bmp;Mo.bmp;Zk.bmp;Fz.bmp;Zc.bmp;Co.bmp;50;85;5;G;M;C;O;O
13;14;Ec.bmp;Zm.bmp;Om.bmp;Cu.bmp;Hn.bmp;Um.bmp;En.bmp;Oc.bmp;Na.bmp;71;73;4;GL;C;N;U;A
14;15;Cm.bmp;Ce.bmp;Kf.bmp;Zh.bmp;Af.bmp;Ha.bmp;Na.bmp;Nc.bmp;Kz.bmp;80;50;3;L;K;K;F;Z
15;16;Ac.bmp;Mk.bmp;Fu.bmp;Ne.bmp;Zf.bmp;Ae.bmp;Fo.bmp;Hk.bmp;Ha.bmp;80;50;3;GL;F;H;U;A
16;17;Eh.bmp;Zm.bmp;Zc.bmp;Ca.bmp;Ce.bmp;Me.bmp;Uf.bmp;Am.bmp;Ue.bmp;29;27;8;GL;A;U;M;E
17;18;Om.bmp;Um.bmp;Ku.bmp;Nk.bmp;Ok.bmp;Kc.bmp;Nh.bmp;Fa.bmp;Ka.bmp;71;73;4;GL;N;K;K;A
18;19;Oh.bmp;Nm.bmp;En.bmp;Cz.bmp;Ho.bmp;Ac.bmp;Uo.bmp;Ou.bmp;Zn.bmp;71;28;2;GL;N;Z;M;N
19;20;Ce.bmp;Eh.bmp;Fm.bmp;Uc.bmp;Fz.bmp;Ua.bmp;Ez.bmp;Ou.bmp;Km.bmp;80;50;3;G;F;K;M;M
20;21;Za.bmp;Kh.bmp;Cz.bmp;Fk.bmp;Kz.bmp;Zn.bmp;Zo.bmp;Kf.bmp;Mz.bmp;20;50;7;GL;Z;M;O;Z
21;22;Cf.bmp;Mk.bmp;Mf.bmp;Ae.bmp;Mz.bmp;Fk.bmp;Hf.bmp;Mu.bmp;Om.bmp;50;15;1;GL;C;O;F;M
22;23;Mu.bmp;Ha.bmp;Az.bmp;Zh.bmp;Ez.bmp;Ae.bmp;Au.bmp;Zm.bmp;Zo.bmp;29;27;8;L;Z;Z;M;O
23;24;Of.bmp;Ec.bmp;Ua.bmp;Nu.bmp;Ak.bmp;Cm.bmp;Za.bmp;Ah.bmp;Mc.bmp;50;15;1;GL;O;M;F;C
24;25;Eo.bmp;Fe.bmp;Nz.bmp;Km.bmp;Cf.bmp;Za.bmp;Kz.bmp;Co.bmp;Mo.bmp;20;50;7;GL;K;M;Z;O
25;26;Oe.bmp;Um.bmp;Ck.bmp;Kz.bmp;Af.bmp;Ca.bmp;Nc.bmp;Cf.bmp;Nk.bmp;50;85;5;GL;A;N;F;K
26;27;Ef.bmp;Em.bmp;Uc.bmp;Nk.bmp;Ac.bmp;Un.bmp;Hf.bmp;Ck.bmp;Uk.bmp;29;73;6;L;U;U;N;K
27;28;Kc.bmp;Nm.bmp;Un.bmp;Ck.bmp;Zh.bmp;Fz.bmp;Hk.bmp;Fc.bmp;Uo.bmp;71;28;2;GL;N;U;M;O
28;29;Fo.bmp;Of.bmp;Uf.bmp;Ka.bmp;Ec.bmp;Co.bmp;Hm.bmp;Hn.bmp;Ze.bmp;50;15;1;GL;F;Z;O;E
29;30;Na.bmp;Hf.bmp;Uf.bmp;Ho.bmp;Mn.bmp;Nz.bmp;Cm.bmp;Ae.bmp;Ze.bmp;80;50;3;GL;U;Z;F;E
30;31;Hu.bmp;Nz.bmp;Cu.bmp;Em.bmp;Zo.bmp;Hk.bmp;Kh.bmp;Uh.bmp;He.bmp;20;50;7;GL;K;H;H;E
31;32;Ca.bmp;No.bmp;Kc.bmp;Nk.bmp;Ua.bmp;Hf.bmp;Cn.bmp;Ou.bmp;Ck.bmp;71;73;4;G;N;C;K;K
32;33;Uf.bmp;Un.bmp;Mh.bmp;Hm.bmp;An.bmp;Fa.bmp;Cf.bmp;Az.bmp;En.bmp;29;27;8;GL;A;E;Z;N
33;34;Me.bmp;Kn.bmp;Hf.bmp;Hu.bmp;Cn.bmp;Ac.bmp;Uo.bmp;Ez.bmp;Ce.bmp;71;28;2;GL;K;C;N;E
34;35;Ko.bmp;Nf.bmp;Uk.bmp;Ak.bmp;Zh.bmp;Uf.bmp;Nu.bmp;Em.bmp;Fo.bmp;80;50;3;GL;U;F;K;O
35;36;Ua.bmp;Nu.bmp;Hk.bmp;Hn.bmp;Fa.bmp;Oa.bmp;Uk.bmp;Mo.bmp;Om.bmp;71;28;2;GL;N;O;U;M
36;37;Uf.bmp;Ae.bmp;Zh.bmp;Km.bmp;Ch.bmp;Co.bmp;An.bmp;Uk.bmp;Ha.bmp;71;73;4;GL;K;H;M;A
37;38;On.bmp;Cu.bmp;Zn.bmp;Mc.bmp;Of.bmp;Zo.bmp;Fn.bmp;Cf.bmp;Hc.bmp;50;15;1;GL;O;H;N;C
38;39;Am.bmp;Kn.bmp;Kz.bmp;Kf.bmp;Cz.bmp;Ok.bmp;Mz.bmp;Zk.bmp;Nk.bmp;71;28;2;GL;K;N;N;K
39;40;Cu.bmp;Nk.bmp;Hn.bmp;Af.bmp;Hu.bmp;Nc.bmp;Hz.bmp;Kn.bmp;On.bmp;29;73;6;GL;N;O;C;N
40;41;Zh.bmp;Cm.bmp;Ck.bmp;Hk.bmp;Oc.bmp;Ke.bmp;Mz.bmp;Cu.bmp;Mk.bmp;29;73;6;GL;K;M;E;K
41;42;No.bmp;Oe.bmp;Ec.bmp;Uc.bmp;Zm.bmp;Hz.bmp;Nu.bmp;Nf.bmp;He.bmp;50;15;1;GL;N;H;O;E
42;43;Cm.bmp;Af.bmp;Fh.bmp;Zu.bmp;Of.bmp;Eo.bmp;En.bmp;Nm.bmp;Uk.bmp;50;85;5;GL;O;U;F;K
43;44;Ez.bmp;Zn.bmp;Ho.bmp;Ue.bmp;Ce.bmp;Em.bmp;Zm.bmp;Ka.bmp;Zh.bmp;71;28;2;L;Z;Z;N;H
44;45;Ka.bmp;Au.bmp;Ch.bmp;Fh.bmp;Fe.bmp;Nz.bmp;Mz.bmp;Mh.bmp;Eo.bmp;80;50;3;GL;C;E;H;O
45;46;Ch.bmp;Ko.bmp;Kh.bmp;Nc.bmp;Fk.bmp;En.bmp;Fa.bmp;Ek.bmp;Mz.bmp;29;73;6;GL;E;M;N;Z
46;47;Ez.bmp;Mn.bmp;An.bmp;Hn.bmp;Nh.bmp;Eu.bmp;Mo.bmp;Fe.bmp;Ko.bmp;50;15;1;GL;E;K;Z;O
47;48;Ku.bmp;Az.bmp;Kh.bmp;Zh.bmp;Kz.bmp;Mz.bmp;Uc.bmp;Ck.bmp;Hm.bmp;71;73;4;GL;Z;H;H;M
48;49;Mk.bmp;On.bmp;Hk.bmp;Om.bmp;Ka.bmp;Fn.bmp;Ez.bmp;Oe.bmp;Fa.bmp;50;15;1;GL;M;F;K;A
49;50;Hn.bmp;Zf.bmp;Of.bmp;Ca.bmp;Kn.bmp;Eh.bmp;Eu.bmp;Zc.bmp;Mn.bmp;71;28;2;GL;Z;M;F;N
50;51;Oh.bmp;Ek.bmp;Un.bmp;Hu.bmp;Am.bmp;Fc.bmp;Ko.bmp;Ze.bmp;Cn.bmp;50;85;5;GL;A;C;M;N
51;52;Un.bmp;Mc.bmp;Oc.bmp;Fh.bmp;Kn.bmp;Ef.bmp;Uc.bmp;Km.bmp;Nc.bmp;71;73;4;GL;F;N;H;C
52;53;Fa.bmp;Mf.bmp;Un.bmp;Hu.bmp;Nm.bmp;Ne.bmp;Zf.bmp;Ok.bmp;Nc.bmp;29;73;6;L;N;N;E;C
53;54;Fc.bmp;Ha.bmp;Km.bmp;On.bmp;Kn.bmp;Hn.bmp;Uf.bmp;Hu.bmp;Co.bmp;71;28;2;GL;H;C;A;O
54;55;Zn.bmp;Ku.bmp;Ou.bmp;Ce.bmp;Fc.bmp;Of.bmp;Ue.bmp;Ha.bmp;Nu.bmp;80;50;3;G;O;N;U;U
55;56;Ao.bmp;Nz.bmp;Nk.bmp;Ah.bmp;Mh.bmp;Ha.bmp;Mf.bmp;Fz.bmp;Ca.bmp;50;85;5;GL;M;C;H;A
56;57;Za.bmp;Eh.bmp;Hk.bmp;Uk.bmp;Oh.bmp;Nu.bmp;Hc.bmp;Fh.bmp;Cz.bmp;50;85;5;GL;O;C;H;Z
57;58;Nf.bmp;Un.bmp;Zf.bmp;Kf.bmp;Ek.bmp;Mc.bmp;Mz.bmp;Ha.bmp;Um.bmp;71;73;4;GL;K;U;F;M
58;59;Ka.bmp;Zo.bmp;Oa.bmp;Ez.bmp;Eh.bmp;Mn.bmp;Hk.bmp;Oc.bmp;Ko.bmp;71;28;2;G;Z;K;O;O
59;60;Zu.bmp;Ch.bmp;Ka.bmp;Me.bmp;Hm.bmp;Hf.bmp;Oe.bmp;Om.bmp;He.bmp;29;73;6;L;H;H;F;E
60;61;Ck.bmp;Fm.bmp;Cn.bmp;Kn.bmp;Zk.bmp;Zn.bmp;Ok.bmp;Kh.bmp;Uc.bmp;80;50;3;GL;C;U;N;C
61;62;Ku.bmp;Nk.bmp;Ck.bmp;Zf.bmp;Nc.bmp;Ne.bmp;Mo.bmp;Cu.bmp;Om.bmp;71;73;4;GL;Z;O;F;M
62;63;Uo.bmp;Ko.bmp;Fc.bmp;Ok.bmp;Nu.bmp;Ka.bmp;Cu.bmp;Ne.bmp;Am.bmp;71;28;2;GL;K;A;O;M
63;64;Fm.bmp;Fk.bmp;Kc.bmp;Mu.bmp;Uz.bmp;Ka.bmp;Mk.bmp;Cn.bmp;Hf.bmp;80;50;3;GL;K;H;C;F
64;65;Zn.bmp;Fe.bmp;Me.bmp;Fh.bmp;Ae.bmp;Nz.bmp;Au.bmp;Cf.bmp;Af.bmp;50;15;1;GL;Z;A;N;F
65;66;Uc.bmp;Ef.bmp;Nu.bmp;Ao.bmp;Mn.bmp;Uh.bmp;Mz.bmp;Mk.bmp;Uk.bmp;20;50;7;GL;M;U;Z;K
66;67;He.bmp;Ef.bmp;Za.bmp;Fz.bmp;Ko.bmp;Ue.bmp;Hz.bmp;Ku.bmp;Ce.bmp;80;50;3;GL;Z;C;A;E
67;68;Mz.bmp;Ha.bmp;Oh.bmp;Fa.bmp;Ko.bmp;Cm.bmp;Ez.bmp;Nh.bmp;Au.bmp;71;28;2;GL;H;A;A;U
68;69;Ak.bmp;Hf.bmp;Fu.bmp;Hu.bmp;Ha.bmp;Kh.bmp;Ao.bmp;No.bmp;Ec.bmp;80;50;3;GL;F;E;U;C
69;70;Eo.bmp;Ec.bmp;Cu.bmp;Fo.bmp;Ze.bmp;Nm.bmp;Af.bmp;Ne.bmp;Mc.bmp;50;85;5;GL;Z;M;E;C
70;71;Af.bmp;Fc.bmp;Co.bmp;Nu.bmp;Ze.bmp;Ek.bmp;Zu.bmp;Uk.bmp;Oe.bmp;50;15;1;GL;A;O;F;E
71;72;An.bmp;Mf.bmp;Hf.bmp;Zm.bmp;Fo.bmp;Hk.bmp;Kf.bmp;Ua.bmp;Ke.bmp;50;15;1;GL;A;K;N;E
72;73;Km.bmp;Zk.bmp;Na.bmp;Ke.bmp;Fn.bmp;Eu.bmp;Ze.bmp;Ez.bmp;Au.bmp;29;27;8;GL;E;A;Z;U
73;74;Of.bmp;Kz.bmp;Ea.bmp;Ua.bmp;Hn.bmp;Oa.bmp;Am.bmp;Ke.bmp;Mc.bmp;29;27;8;GL;K;M;E;C
74;75;An.bmp;Mu.bmp;Ah.bmp;Kc.bmp;Hc.bmp;Ae.bmp;Ue.bmp;Fn.bmp;Km.bmp;71;73;4;L;K;K;C;M
75;76;Zo.bmp;Mu.bmp;Of.bmp;Fz.bmp;Hn.bmp;Uf.bmp;Mz.bmp;Oc.bmp;He.bmp;71;28;2;GL;M;H;U;E
76;77;Ec.bmp;Ke.bmp;Ue.bmp;Ea.bmp;Zn.bmp;Nz.bmp;Za.bmp;Oc.bmp;Ko.bmp;80;50;3;GL;U;K;E;O
77;78;Oz.bmp;Co.bmp;Fc.bmp;Eu.bmp;Uk.bmp;Nk.bmp;Ne.bmp;Ha.bmp;Nu.bmp;29;27;8;GL;H;N;A;U
78;79;Ch.bmp;Hn.bmp;Kz.bmp;Ah.bmp;Zm.bmp;Uz.bmp;Hf.bmp;Kf.bmp;Cf.bmp;29;27;8;G;K;C;F;F
79;80;Zh.bmp;Oc.bmp;Fk.bmp;Ck.bmp;Nz.bmp;Mc.bmp;Ka.bmp;Zn.bmp;Ua.bmp;80;50;3;GL;F;U;K;A
80;81;Hu.bmp;Mn.bmp;Ef.bmp;Uo.bmp;Ma.bmp;Ak.bmp;Nz.bmp;Eo.bmp;Km.bmp;71;73;4;GL;U;K;O;M
81;82;Ae.bmp;Za.bmp;Zn.bmp;Az.bmp;Ne.bmp;He.bmp;Mn.bmp;Eu.bmp;Fe.bmp;20;50;7;GL;M;F;N;E
82;83;Zf.bmp;Ko.bmp;Zh.bmp;Mz.bmp;An.bmp;Ke.bmp;Oa.bmp;He.bmp;Kc.bmp;80;50;3;GL;Z;K;H;C
83;84;Af.bmp;Fn.bmp;Uz.bmp;Ce.bmp;Fu.bmp;Uh.bmp;Ue.bmp;Mf.bmp;Am.bmp;50;85;5;GL;F;A;U;M
84;85;Kf.bmp;Uh.bmp;Ef.bmp;Fe.bmp;Hk.bmp;Am.bmp;Cz.bmp;Hz.bmp;Zu.bmp;80;50;3;GL;E;Z;F;U
85;86;Fh.bmp;Na.bmp;Ac.bmp;Om.bmp;Cz.bmp;Oa.bmp;Hz.bmp;Em.bmp;Ko.bmp;71;28;2;GL;N;K;A;O
86;87;Fu.bmp;Mn.bmp;Uo.bmp;Co.bmp;En.bmp;Om.bmp;Hk.bmp;Ue.bmp;Ca.bmp;50;15;1;GL;F;C;U;A
87;88;Fe.bmp;Au.bmp;Cf.bmp;En.bmp;Em.bmp;Oc.bmp;Of.bmp;Nu.bmp;Hf.bmp;50;15;1;GL;F;H;E;F
88;89;Kz.bmp;Mo.bmp;Au.bmp;Hn.bmp;Kf.bmp;Za.bmp;Nu.bmp;Am.bmp;Nk.bmp;20;50;7;L;N;N;U;K
89;90;Mh.bmp;Ae.bmp;Fz.bmp;Ef.bmp;Zk.bmp;Ka.bmp;Cz.bmp;Fe.bmp;Oc.bmp;80;50;3;GL;F;O;Z;C
90;91;Zf.bmp;Eh.bmp;Fc.bmp;Hn.bmp;Kc.bmp;Eu.bmp;Cu.bmp;Em.bmp;Fz.bmp;29;27;8;GL;E;F;M;Z
91;92;Uo.bmp;Ch.bmp;Co.bmp;Cn.bmp;Ma.bmp;Ca.bmp;Nm.bmp;Mk.bmp;Hn.bmp;20;50;7;GL;N;H;M;N
92;93;Ah.bmp;Nm.bmp;Nk.bmp;Ok.bmp;Ou.bmp;Af.bmp;Fz.bmp;Na.bmp;Cu.bmp;20;50;7;GL;F;C;Z;U
93;94;Ch.bmp;Cn.bmp;Kz.bmp;Zc.bmp;Uf.bmp;Kc.bmp;Um.bmp;Ea.bmp;Mk.bmp;29;73;6;GL;K;M;C;K
94;95;Fe.bmp;Ek.bmp;Oz.bmp;Mn.bmp;Me.bmp;Nc.bmp;Fc.bmp;Ok.bmp;Hk.bmp;71;73;4;GL;M;H;N;K
95;96;Oh.bmp;Nu.bmp;Ha.bmp;Ka.bmp;Km.bmp;Cu.bmp;Oz.bmp;Mk.bmp;Nm.bmp;80;50;3;GL;H;N;A;M
96;97;Nf.bmp;He.bmp;Fk.bmp;Hn.bmp;Na.bmp;Ne.bmp;Hc.bmp;Ez.bmp;Ek.bmp;29;73;6;GL;N;E;E;K
97;98;Om.bmp;Oc.bmp;Me.bmp;Zn.bmp;Ah.bmp;Zu.bmp;Ua.bmp;Ze.bmp;Of.bmp;29;73;6;GL;Z;O;U;F
98;99;Ek.bmp;Fk.bmp;Uh.bmp;Fo.bmp;Uo.bmp;Za.bmp;Hz.bmp;Ua.bmp;Zm.bmp;20;50;7;GL;H;Z;Z;M
99;100;Km.bmp;Za.bmp;Of.bmp;Mk.bmp;Hu.bmp;Hf.bmp;Kn.bmp;Uo.bmp;Fm.bmp;29;73;6;GL;H;F;F;M
100;101;Ho.bmp;Uo.bmp;Oa.bmp;Ah.bmp;Ef.bmp;Fu.bmp;Ha.bmp;Am.bmp;Ao.bmp;71;73;4;L;A;A;H;O
101;102;Uh.bmp;Ou.bmp;Oe.bmp;Eh.bmp;Ak.bmp;Oa.bmp;Eu.bmp;Om.bmp;Ze.bmp;80;50;3;G;O;Z;E;E
102;103;Ua.bmp;He.bmp;Nf.bmp;Ka.bmp;Ae.bmp;Fk.bmp;Uc.bmp;Za.bmp;Kf.bmp;29;27;8;GL;Z;K;A;F
103;104;Hz.bmp;Mh.bmp;Kf.bmp;Nc.bmp;Ck.bmp;Fm.bmp;Uo.bmp;An.bmp;Uz.bmp;29;73;6;GL;F;U;M;Z
104;105;Cf.bmp;Ke.bmp;Ma.bmp;Ho.bmp;Zk.bmp;Au.bmp;Ce.bmp;Mk.bmp;En.bmp;20;50;7;GL;C;E;E;N
105;106;Ue.bmp;Kh.bmp;Nc.bmp;Ho.bmp;Ke.bmp;Ha.bmp;Ca.bmp;Zu.bmp;Hn.bmp;50;85;5;GL;K;H;E;N
106;107;Hm.bmp;Ef.bmp;Hc.bmp;Cu.bmp;Uf.bmp;Mf.bmp;Uk.bmp;Az.bmp;Un.bmp;50;85;5;L;U;U;F;N
107;108;Fa.bmp;Om.bmp;Fz.bmp;Hn.bmp;Fk.bmp;Am.bmp;Af.bmp;Ec.bmp;Zu.bmp;50;15;1;GL;F;Z;A;U
108;109;Um.bmp;Eu.bmp;Am.bmp;Zk.bmp;Ak.bmp;Ef.bmp;Hu.bmp;Eh.bmp;Uk.bmp;50;15;1;L;U;U;M;K
109;110;Zo.bmp;Za.bmp;Uc.bmp;Oa.bmp;He.bmp;Hc.bmp;Ha.bmp;Cn.bmp;Uf.bmp;50;85;5;GL;H;U;E;F
110;111;Ez.bmp;Nf.bmp;Uz.bmp;Em.bmp;Of.bmp;Mz.bmp;Fe.bmp;Ea.bmp;Km.bmp;71;73;4;G;E;K;M;M
111;112;Nk.bmp;Cm.bmp;Za.bmp;Uo.bmp;Mc.bmp;Om.bmp;Hn.bmp;Am.bmp;Nc.bmp;71;73;4;GL;U;N;O;C
112;113;Ch.bmp;Oz.bmp;Hf.bmp;Na.bmp;Zm.bmp;Mf.bmp;Hc.bmp;Km.bmp;Fa.bmp;20;50;7;GL;H;F;C;A
113;114;Eu.bmp;Fa.bmp;Ue.bmp;Om.bmp;Hn.bmp;Ko.bmp;Fn.bmp;Ke.bmp;Uc.bmp;29;27;8;GL;K;U;E;C
114;115;Fc.bmp;Um.bmp;Hf.bmp;Nf.bmp;Af.bmp;Ho.bmp;Cn.bmp;Zo.bmp;Nc.bmp;29;73;6;GL;H;N;O;C
115;116;Za.bmp;Cu.bmp;Kn.bmp;Cn.bmp;Cz.bmp;Af.bmp;Mu.bmp;Uk.bmp;Fu.bmp;80;50;3;GL;K;F;N;U
116;117;Ac.bmp;Oe.bmp;Ma.bmp;Kf.bmp;Ez.bmp;Ho.bmp;Ku.bmp;Af.bmp;Fn.bmp;71;28;2;GL;O;F;E;N
117;118;Ek.bmp;Um.bmp;Nz.bmp;Ch.bmp;Zm.bmp;Hf.bmp;Cn.bmp;Nm.bmp;Cz.bmp;71;28;2;GL;U;C;M;Z
118;119;Ak.bmp;Nh.bmp;Zc.bmp;Uk.bmp;Mk.bmp;Ef.bmp;An.bmp;Ue.bmp;Ou.bmp;50;15;1;GL;A;O;K;U
119;120;Kz.bmp;Zm.bmp;Ka.bmp;Nf.bmp;Zu.bmp;Co.bmp;Ec.bmp;Nc.bmp;Cn.bmp;50;85;5;GL;Z;C;U;N
120;121;Au.bmp;Co.bmp;Zm.bmp;Hu.bmp;Fh.bmp;Mh.bmp;Ce.bmp;Mn.bmp;Kz.bmp;50;15;1;GL;A;K;U;Z
121;122;Nm.bmp;Nz.bmp;Ce.bmp;Of.bmp;Ck.bmp;Ac.bmp;He.bmp;Fu.bmp;Mu.bmp;80;50;3;GL;C;M;E;U
122;123;Mh.bmp;Zf.bmp;Ak.bmp;Am.bmp;Cn.bmp;Oz.bmp;Fm.bmp;Fu.bmp;Ch.bmp;29;27;8;GL;F;C;U;H
123;124;En.bmp;Ua.bmp;Hn.bmp;Fn.bmp;Mo.bmp;Ef.bmp;Hf.bmp;Ak.bmp;Nk.bmp;71;28;2;GL;U;N;A;K
124;125;Za.bmp;Zc.bmp;Zn.bmp;Mn.bmp;Cf.bmp;Az.bmp;Ae.bmp;Zm.bmp;Ck.bmp;80;50;3;GL;Z;C;N;K
125;126;Cz.bmp;Ua.bmp;Ho.bmp;Zm.bmp;Of.bmp;Km.bmp;Fz.bmp;Hk.bmp;Uo.bmp;20;50;7;GL;F;U;Z;O
126;127;Ne.bmp;Fn.bmp;Em.bmp;Co.bmp;Ku.bmp;An.bmp;Fo.bmp;Uk.bmp;Ue.bmp;20;50;7;GL;F;U;O;E
127;128;Ec.bmp;Fn.bmp;Hk.bmp;Oe.bmp;Ek.bmp;On.bmp;Ce.bmp;Ha.bmp;Za.bmp;50;15;1;GL;E;Z;C;A
128;129;Ha.bmp;Oe.bmp;On.bmp;Ah.bmp;Au.bmp;Of.bmp;Mh.bmp;Cn.bmp;Oz.bmp;29;27;8;GL;C;O;N;Z
129;130;Em.bmp;Km.bmp;Ha.bmp;Mf.bmp;Fc.bmp;Oz.bmp;Mn.bmp;Kz.bmp;Am.bmp;50;85;5;GL;F;A;C;M
130;131;Eu.bmp;Of.bmp;Ze.bmp;Kn.bmp;Mf.bmp;Zc.bmp;Uf.bmp;Ef.bmp;Ho.bmp;71;28;2;GL;O;H;F;O
131;132;Zf.bmp;Am.bmp;Uz.bmp;Kf.bmp;Cu.bmp;Ca.bmp;Nz.bmp;Zk.bmp;Mn.bmp;29;27;8;GL;Z;M;K;N
132;133;Ck.bmp;Na.bmp;Eh.bmp;Ch.bmp;Uh.bmp;Mf.bmp;Ec.bmp;Zm.bmp;Ce.bmp;29;27;8;GL;Z;C;M;E
133;134;Hf.bmp;Fh.bmp;An.bmp;Fa.bmp;Km.bmp;Ek.bmp;Om.bmp;Me.bmp;Nm.bmp;71;73;4;GL;F;N;A;M
134;135;Ce.bmp;Fu.bmp;Cf.bmp;Ke.bmp;Mn.bmp;Ha.bmp;Kz.bmp;Hf.bmp;Kc.bmp;71;28;2;GL;F;K;U;C
135;136;Zk.bmp;Ae.bmp;Ac.bmp;Zu.bmp;Zf.bmp;Hk.bmp;Ch.bmp;Zh.bmp;Uo.bmp;50;85;5;GL;Z;U;F;O
136;137;Zf.bmp;Ha.bmp;He.bmp;Kz.bmp;Nu.bmp;Nh.bmp;Hk.bmp;Zc.bmp;Me.bmp;50;85;5;GL;N;M;U;E
137;138;Ku.bmp;Za.bmp;Fh.bmp;Oc.bmp;Uk.bmp;Zn.bmp;Ko.bmp;Fz.bmp;Fk.bmp;20;50;7;GL;K;F;O;K
138;139;Uz.bmp;Ku.bmp;Kh.bmp;Oz.bmp;Em.bmp;Zo.bmp;Nh.bmp;Ne.bmp;Ck.bmp;71;73;4;GL;O;C;Z;K
139;140;Ac.bmp;Hf.bmp;Fe.bmp;Hu.bmp;Um.bmp;Mh.bmp;Nh.bmp;Ec.bmp;Cn.bmp;29;73;6;GL;M;C;H;N
140;141;Ak.bmp;Ah.bmp;Zo.bmp;Mo.bmp;Ho.bmp;Oc.bmp;Az.bmp;Me.bmp;Ku.bmp;20;50;7;GL;A;K;Z;U
141;142;Me.bmp;He.bmp;Ne.bmp;Zm.bmp;Ca.bmp;Cu.bmp;Fh.bmp;Ce.bmp;Mf.bmp;80;50;3;GL;N;M;E;F
142;143;Az.bmp;Mn.bmp;Ac.bmp;Uc.bmp;Eo.bmp;Nk.bmp;Kh.bmp;Ua.bmp;Hz.bmp;50;85;5;GL;E;H;O;Z
143;144;Ah.bmp;Mu.bmp;Ha.bmp;Kc.bmp;Eh.bmp;Co.bmp;Zc.bmp;Ho.bmp;Oa.bmp;29;27;8;GL;H;O;O;A
144;145;Zc.bmp;Fu.bmp;Nz.bmp;Au.bmp;Hu.bmp;Ch.bmp;Zn.bmp;Hz.bmp;Cu.bmp;20;50;7;GL;Z;C;N;U
145;146;Ke.bmp;Me.bmp;Of.bmp;Ou.bmp;Za.bmp;Fc.bmp;Ch.bmp;Ku.bmp;No.bmp;71;73;4;GL;O;N;U;O
146;147;Ne.bmp;Ef.bmp;Au.bmp;Uk.bmp;Ea.bmp;Km.bmp;Co.bmp;Uf.bmp;Ac.bmp;71;73;4;GL;U;A;K;C
147;148;Uo.bmp;Ma.bmp;Fk.bmp;Az.bmp;Fh.bmp;He.bmp;Zc.bmp;Mn.bmp;Fu.bmp;29;73;6;GL;H;F;E;U
148;149;Zc.bmp;Ok.bmp;Hk.bmp;Of.bmp;Ha.bmp;Fu.bmp;Zu.bmp;Oe.bmp;Uk.bmp;50;15;1;GL;Z;U;C;K
149;150;Uo.bmp;Cn.bmp;Eo.bmp;Me.bmp;Ao.bmp;Mc.bmp;Hn.bmp;Ec.bmp;Ca.bmp;80;50;3;GL;E;C;O;A
150;151;Mk.bmp;Nc.bmp;Nz.bmp;Eo.bmp;On.bmp;Ea.bmp;Mo.bmp;Um.bmp;Nk.bmp;71;73;4;GL;E;N;O;K
151;152;Hm.bmp;Em.bmp;Ke.bmp;Ae.bmp;Hf.bmp;Mc.bmp;Eo.bmp;Am.bmp;Uz.bmp;29;27;8;GL;A;U;M;Z
152;153;Oh.bmp;Ae.bmp;Ch.bmp;Ua.bmp;Hn.bmp;Fn.bmp;Hf.bmp;Cu.bmp;Nu.bmp;50;85;5;GL;H;N;N;U
153;154;Zu.bmp;Nf.bmp;Cm.bmp;Un.bmp;Oz.bmp;Az.bmp;Nm.bmp;Ak.bmp;Mo.bmp;71;73;4;GL;U;M;N;O
154;155;Mu.bmp;Um.bmp;Fa.bmp;Co.bmp;Zu.bmp;Fm.bmp;Uz.bmp;Oz.bmp;No.bmp;50;15;1;GL;M;N;U;O
155;156;Hz.bmp;Zf.bmp;Mo.bmp;Ek.bmp;Fo.bmp;Zh.bmp;Zn.bmp;Fm.bmp;Nu.bmp;50;85;5;GL;F;N;O;U
156;157;Fn.bmp;Cf.bmp;Hc.bmp;On.bmp;Nc.bmp;Em.bmp;Hz.bmp;Mo.bmp;Zk.bmp;80;50;3;GL;H;Z;C;K
157;158;Om.bmp;Zo.bmp;Za.bmp;Nk.bmp;On.bmp;Ke.bmp;Ko.bmp;Ku.bmp;Ha.bmp;29;27;8;GL;K;H;U;A
158;159;Ez.bmp;Ho.bmp;Uf.bmp;Zf.bmp;Ne.bmp;Nu.bmp;Ea.bmp;Ue.bmp;Hu.bmp;71;73;4;GL;Z;H;F;U
159;160;Mf.bmp;Zn.bmp;Ca.bmp;Kc.bmp;Ze.bmp;Uh.bmp;Of.bmp;Ke.bmp;On.bmp;71;28;2;G;Z;O;N;N
160;161;Ok.bmp;Mo.bmp;Am.bmp;Ez.bmp;Kh.bmp;Mh.bmp;Ho.bmp;Uf.bmp;Af.bmp;80;50;3;L;A;A;M;F
161;162;Em.bmp;Mo.bmp;Ho.bmp;No.bmp;Ao.bmp;Nm.bmp;Mu.bmp;Oz.bmp;Ca.bmp;50;85;5;GL;A;C;O;A
162;163;Uh.bmp;Fk.bmp;Ke.bmp;Mu.bmp;Oe.bmp;Az.bmp;Ue.bmp;Mh.bmp;En.bmp;29;27;8;GL;M;E;H;N
163;164;Ku.bmp;Az.bmp;Ne.bmp;Uk.bmp;Ho.bmp;Cu.bmp;Ce.bmp;Uh.bmp;Ea.bmp;50;15;1;GL;K;E;U;A
164;165;Hf.bmp;Ou.bmp;Nz.bmp;Um.bmp;Nu.bmp;Ko.bmp;Oh.bmp;Mu.bmp;Ha.bmp;71;73;4;GL;U;H;M;A
165;166;Oc.bmp;Kz.bmp;Hn.bmp;Zm.bmp;Nm.bmp;Za.bmp;Ku.bmp;Nc.bmp;Me.bmp;50;85;5;GL;N;M;M;E
166;167;An.bmp;Ec.bmp;Fm.bmp;Ou.bmp;Fu.bmp;Km.bmp;Ua.bmp;No.bmp;Hu.bmp;29;27;8;GL;N;H;O;U
167;168;Zu.bmp;Fk.bmp;Mn.bmp;Oa.bmp;Cz.bmp;Um.bmp;Mk.bmp;Na.bmp;Ok.bmp;29;27;8;GL;N;O;A;K
168;169;Fu.bmp;Oc.bmp;An.bmp;Um.bmp;Nc.bmp;Fo.bmp;Fn.bmp;Hn.bmp;Az.bmp;71;28;2;GL;O;A;C;Z
169;170;Km.bmp;Mh.bmp;Fa.bmp;Uo.bmp;Mc.bmp;Eo.bmp;Ho.bmp;Co.bmp;Oh.bmp;29;27;8;GL;C;O;O;H
170;171;Zu.bmp;Fu.bmp;Ah.bmp;Kh.bmp;Me.bmp;Zf.bmp;Nf.bmp;Ce.bmp;Un.bmp;50;15;1;GL;Z;U;U;N
171;172;Hz.bmp;Cu.bmp;Ec.bmp;Ak.bmp;Zo.bmp;Am.bmp;Fn.bmp;Ce.bmp;Fh.bmp;50;85;5;GL;Z;F;O;H
172;173;Co.bmp;Em.bmp;Fn.bmp;An.bmp;Uk.bmp;No.bmp;Uc.bmp;Uh.bmp;He.bmp;71;73;4;GL;A;H;N;E
173;174;Zn.bmp;Ha.bmp;Kn.bmp;Ku.bmp;Mu.bmp;Co.bmp;Kf.bmp;Nc.bmp;Zo.bmp;71;28;2;GL;H;Z;A;O
174;175;Nh.bmp;Fh.bmp;Kn.bmp;Ae.bmp;Ac.bmp;Fu.bmp;Ck.bmp;Zk.bmp;Ke.bmp;50;85;5;GL;A;K;C;E
175;176;Ch.bmp;Nh.bmp;Fh.bmp;Zf.bmp;Mh.bmp;Ak.bmp;Ec.bmp;Nu.bmp;Hk.bmp;80;50;3;GL;F;H;H;K
176;177;Kh.bmp;Fa.bmp;Ue.bmp;Zu.bmp;Ko.bmp;Mf.bmp;Fu.bmp;Nh.bmp;Oz.bmp;71;28;2;GL;F;O;A;Z
177;178;Oc.bmp;Am.bmp;Nh.bmp;Ou.bmp;Az.bmp;Zc.bmp;Za.bmp;Ea.bmp;Oa.bmp;50;15;1;L;O;O;C;A
178;179;Ao.bmp;Oc.bmp;Me.bmp;Ku.bmp;Ek.bmp;Za.bmp;Mf.bmp;Mo.bmp;Ua.bmp;50;85;5;GL;E;U;K;A
179;180;Of.bmp;Ek.bmp;Me.bmp;Hn.bmp;Am.bmp;Zf.bmp;Ko.bmp;Zh.bmp;Oz.bmp;71;28;2;GL;E;O;K;Z
180;181;Au.bmp;Ea.bmp;Fh.bmp;Zn.bmp;Nz.bmp;On.bmp;Ao.bmp;Ah.bmp;Oe.bmp;50;15;1;GL;A;O;U;E
181;182;Oz.bmp;En.bmp;Fc.bmp;Nf.bmp;Ke.bmp;Az.bmp;Nm.bmp;Nh.bmp;Hf.bmp;50;85;5;GL;K;H;E;F
182;183;Kc.bmp;Ne.bmp;Zo.bmp;Nz.bmp;Ce.bmp;Zc.bmp;Fn.bmp;Az.bmp;Fu.bmp;29;27;8;GL;A;F;Z;U
183;184;Oh.bmp;Fu.bmp;Ah.bmp;Nf.bmp;Um.bmp;Nu.bmp;Hk.bmp;Zf.bmp;Fo.bmp;50;85;5;GL;U;F;M;O
184;185;Ua.bmp;Ne.bmp;Fm.bmp;Km.bmp;Fc.bmp;On.bmp;He.bmp;Fk.bmp;Uo.bmp;50;15;1;L;U;U;A;O
185;186;Ou.bmp;Nu.bmp;Oe.bmp;Fz.bmp;Zc.bmp;Oa.bmp;Mz.bmp;Of.bmp;Ua.bmp;71;73;4;GL;F;U;Z;A
186;187;Mn.bmp;Hu.bmp;Kf.bmp;Zo.bmp;Mu.bmp;Ac.bmp;Fc.bmp;Mc.bmp;Ku.bmp;20;50;7;GL;F;K;C;U
187;188;Mo.bmp;Uf.bmp;Zn.bmp;Ca.bmp;Km.bmp;Of.bmp;Kc.bmp;Fh.bmp;Ez.bmp;20;50;7;GL;K;E;C;Z
188;189;Cu.bmp;Ke.bmp;Uf.bmp;Zk.bmp;Om.bmp;Kz.bmp;Ze.bmp;Zn.bmp;Ok.bmp;50;15;1;GL;C;O;U;K
189;190;Of.bmp;Nu.bmp;Uo.bmp;Hc.bmp;Oh.bmp;Ec.bmp;Zm.bmp;Eu.bmp;Hu.bmp;50;15;1;GL;O;H;F;U
190;191;Ok.bmp;Oa.bmp;Of.bmp;Ez.bmp;Km.bmp;Ke.bmp;Zn.bmp;No.bmp;Ak.bmp;29;73;6;GL;K;A;E;K
191;192;Oe.bmp;Hf.bmp;Hk.bmp;Zf.bmp;Of.bmp;Co.bmp;Zk.bmp;Mh.bmp;Em.bmp;71;28;2;GL;H;E;F;M
192;193;Fz.bmp;Nz.bmp;Uf.bmp;Eo.bmp;En.bmp;Oe.bmp;Hm.bmp;Om.bmp;Of.bmp;71;28;2;GL;N;O;Z;F
193;194;Uf.bmp;Um.bmp;Ka.bmp;Fh.bmp;Zm.bmp;Af.bmp;Nm.bmp;Nc.bmp;Ze.bmp;29;73;6;GL;A;Z;F;E
194;195;Am.bmp;Me.bmp;Za.bmp;Ce.bmp;Uk.bmp;Ea.bmp;Oc.bmp;Zc.bmp;Oz.bmp;71;73;4;GL;C;O;E;Z
195;196;Az.bmp;Hc.bmp;Mo.bmp;Fz.bmp;Ma.bmp;Uc.bmp;Kz.bmp;Au.bmp;Ez.bmp;71;28;2;GL;H;E;C;Z
196;197;Fh.bmp;Hf.bmp;Ch.bmp;Af.bmp;Ou.bmp;En.bmp;Kh.bmp;Ua.bmp;Om.bmp;71;28;2;GL;H;O;F;M
197;198;Um.bmp;Kz.bmp;Mo.bmp;Kf.bmp;Ko.bmp;Ce.bmp;Cn.bmp;Mh.bmp;Hz.bmp;50;15;1;GL;U;H;M;Z
198;199;Ec.bmp;Km.bmp;Ek.bmp;Nf.bmp;Mh.bmp;Um.bmp;Hz.bmp;Ef.bmp;Ue.bmp;71;28;2;GL;K;U;M;E
199;200;Uz.bmp;Hn.bmp;Nu.bmp;Nk.bmp;Ez.bmp;Zc.bmp;Fk.bmp;Ha.bmp;Kh.bmp;50;15;1;GL;U;K;Z;H
200;201;Kh.bmp;Am.bmp;Ae.bmp;Hz.bmp;Mu.bmp;Ze.bmp;An.bmp;Cf.bmp;Nu.bmp;80;50;3;GL;A;N;E;U
201;202;Hc.bmp;Ha.bmp;Na.bmp;Hf.bmp;Nh.bmp;Me.bmp;Fm.bmp;Kh.bmp;Oc.bmp;29;27;8;GL;K;O;H;C
202;203;Km.bmp;Uc.bmp;Oh.bmp;Zo.bmp;Uz.bmp;Ac.bmp;Mh.bmp;Nm.bmp;Ca.bmp;29;27;8;GL;N;C;M;A
203;204;Fn.bmp;Eh.bmp;Ua.bmp;Ok.bmp;Zo.bmp;Ac.bmp;Ak.bmp;Fc.bmp;Un.bmp;50;15;1;G;F;U;N;N
204;205;Co.bmp;Fu.bmp;Kh.bmp;Fc.bmp;Nz.bmp;Mf.bmp;He.bmp;Mo.bmp;Ha.bmp;29;27;8;GL;M;H;O;A
205;206;Am.bmp;Ez.bmp;Ze.bmp;Ho.bmp;Af.bmp;Hz.bmp;Ea.bmp;Fn.bmp;Za.bmp;29;27;8;GL;F;Z;N;A
206;207;Nc.bmp;Om.bmp;Ae.bmp;Ek.bmp;Cu.bmp;Zm.bmp;Ue.bmp;Mh.bmp;Ko.bmp;50;85;5;GL;C;K;U;O
207;208;Zu.bmp;Mu.bmp;Ka.bmp;Cm.bmp;Hu.bmp;Fu.bmp;Na.bmp;Ok.bmp;Ne.bmp;80;50;3;GL;K;N;A;E
208;209;Ok.bmp;Hc.bmp;Ak.bmp;Ce.bmp;Ho.bmp;Ze.bmp;Ka.bmp;Cf.bmp;Zu.bmp;71;28;2;GL;H;Z;C;U
209;210;Ao.bmp;Zn.bmp;Fu.bmp;Hz.bmp;Zh.bmp;Fk.bmp;Mn.bmp;Hk.bmp;Kf.bmp;71;73;4;GL;H;K;Z;F
210;211;Hc.bmp;Of.bmp;Un.bmp;He.bmp;Nk.bmp;Eh.bmp;Ue.bmp;Ze.bmp;Eo.bmp;80;50;3;GL;U;E;N;O
211;212;Nu.bmp;Cf.bmp;Zh.bmp;Ku.bmp;Ef.bmp;Ck.bmp;Um.bmp;Mh.bmp;Mn.bmp;29;73;6;GL;C;M;K;N
212;213;En.bmp;Fu.bmp;Fa.bmp;Ek.bmp;Ou.bmp;Ka.bmp;Uz.bmp;Ku.bmp;Ch.bmp;20;50;7;GL;U;C;Z;H
213;214;Kh.bmp;Nf.bmp;Fk.bmp;Mu.bmp;Ca.bmp;Ue.bmp;Um.bmp;Fe.bmp;Au.bmp;50;15;1;GL;K;A;H;U
214;215;Hf.bmp;Ef.bmp;Nh.bmp;Za.bmp;En.bmp;Ze.bmp;Cu.bmp;Fz.bmp;Ac.bmp;29;73;6;GL;Z;A;E;C
215;216;Cf.bmp;Ah.bmp;Ef.bmp;Un.bmp;An.bmp;Zm.bmp;Ck.bmp;Om.bmp;Fn.bmp;71;73;4;G;U;F;N;N
216;217;An.bmp;Ae.bmp;Ka.bmp;Fa.bmp;No.bmp;Hz.bmp;Ha.bmp;Fc.bmp;Zh.bmp;20;50;7;GL;H;Z;A;H
217;218;Uf.bmp;Ko.bmp;Hn.bmp;Fk.bmp;Mz.bmp;Un.bmp;Mn.bmp;Am.bmp;Ae.bmp;71;73;4;GL;F;A;K;E
218;219;Za.bmp;Um.bmp;Fa.bmp;Uz.bmp;Cm.bmp;Ec.bmp;Zc.bmp;Ok.bmp;Ck.bmp;80;50;3;GL;F;C;A;K
219;220;Uk.bmp;On.bmp;Hf.bmp;Uo.bmp;Kf.bmp;Zh.bmp;Ez.bmp;Az.bmp;Fh.bmp;50;15;1;GL;U;F;K;H
220;221;Uk.bmp;Hu.bmp;No.bmp;Cf.bmp;Fn.bmp;Mf.bmp;Ho.bmp;Ne.bmp;Zh.bmp;50;85;5;GL;F;Z;N;H
221;222;Ma.bmp;Fh.bmp;Fc.bmp;Nf.bmp;Cz.bmp;Zf.bmp;Fm.bmp;Ou.bmp;An.bmp;20;50;7;GL;F;A;M;N
222;223;Nf.bmp;Kc.bmp;Oz.bmp;Ma.bmp;Nh.bmp;Ak.bmp;Oh.bmp;Km.bmp;He.bmp;50;85;5;GL;N;H;H;E
223;224;Cz.bmp;Na.bmp;Mf.bmp;Eu.bmp;Nc.bmp;Zu.bmp;Kc.bmp;Ec.bmp;Ma.bmp;80;50;3;L;M;M;F;A
224;225;Fn.bmp;Oh.bmp;Hz.bmp;Af.bmp;Zc.bmp;Ao.bmp;Fo.bmp;Mz.bmp;Ne.bmp;50;15;1;GL;F;N;N;E
225;226;Nh.bmp;Zm.bmp;Zh.bmp;Fu.bmp;Ah.bmp;Un.bmp;Ao.bmp;Eh.bmp;Ec.bmp;50;85;5;GL;A;E;H;C
226;227;Fe.bmp;Ao.bmp;Uc.bmp;Oh.bmp;Fz.bmp;Ho.bmp;Kh.bmp;Kf.bmp;Um.bmp;29;73;6;GL;H;U;O;M
227;228;Ce.bmp;Au.bmp;Az.bmp;Ue.bmp;Ez.bmp;Cn.bmp;Of.bmp;Uf.bmp;Uc.bmp;71;28;2;GL;A;U;U;C
228;229;Ah.bmp;Uo.bmp;Uc.bmp;Fz.bmp;On.bmp;Ho.bmp;Ua.bmp;Uh.bmp;Oc.bmp;50;85;5;L;O;O;N;C
229;230;Zf.bmp;Nu.bmp;Mn.bmp;Uk.bmp;Cz.bmp;Cu.bmp;Ka.bmp;Cn.bmp;Eu.bmp;29;27;8;GL;C;E;N;U
230;231;Kh.bmp;Mo.bmp;Zu.bmp;Zk.bmp;Uc.bmp;Mu.bmp;Oz.bmp;Hm.bmp;Om.bmp;50;15;1;GL;K;O;H;M
231;232;Ko.bmp;Ha.bmp;Mn.bmp;Zk.bmp;Ou.bmp;Zu.bmp;Mu.bmp;Nc.bmp;Ch.bmp;29;73;6;GL;Z;C;U;H
232;233;Ke.bmp;Zk.bmp;Uo.bmp;Oz.bmp;Zc.bmp;Ah.bmp;Mk.bmp;Nz.bmp;Nu.bmp;20;50;7;GL;M;N;K;U
233;234;Nf.bmp;Zh.bmp;Ek.bmp;Kc.bmp;Oh.bmp;Oe.bmp;Ac.bmp;Hf.bmp;Ka.bmp;71;73;4;L;K;K;C;A
234;235;Ko.bmp;Ue.bmp;Nz.bmp;No.bmp;Ah.bmp;Kf.bmp;Fa.bmp;Hn.bmp;Ak.bmp;50;15;1;GL;K;A;O;K
235;236;Ao.bmp;Oh.bmp;Ko.bmp;Uh.bmp;Na.bmp;Fu.bmp;Zf.bmp;Eu.bmp;Un.bmp;20;50;7;GL;Z;U;F;N
236;237;Ha.bmp;Au.bmp;Fc.bmp;Nk.bmp;Nf.bmp;Mu.bmp;Kf.bmp;En.bmp;Fu.bmp;80;50;3;L;F;F;C;U
237;238;On.bmp;Ah.bmp;Om.bmp;Kn.bmp;Ua.bmp;Ue.bmp;Kc.bmp;Az.bmp;Fa.bmp;29;27;8;GL;A;F;Z;A
238;239;Uz.bmp;Ua.bmp;Zk.bmp;Ec.bmp;Ah.bmp;Me.bmp;Fn.bmp;Nz.bmp;Fm.bmp;29;73;6;GL;M;F;E;M
239;240;Ek.bmp;Uo.bmp;Ze.bmp;Km.bmp;Eo.bmp;Oz.bmp;Ea.bmp;Uf.bmp;Hc.bmp;20;50;7;GL;E;H;A;C
240;241;Ma.bmp;Ek.bmp;Um.bmp;Zm.bmp;Af.bmp;Am.bmp;Zc.bmp;Fe.bmp;Hm.bmp;71;73;4;G;Z;H;M;M
241;242;Mf.bmp;Mh.bmp;Hu.bmp;Ah.bmp;Cz.bmp;Cn.bmp;Ou.bmp;Fa.bmp;Ch.bmp;71;28;2;G;M;C;H;H
242;243;Ku.bmp;Co.bmp;Mc.bmp;Em.bmp;Hf.bmp;Kf.bmp;He.bmp;No.bmp;Oz.bmp;50;15;1;GL;K;O;U;Z
243;244;Ka.bmp;Um.bmp;Zm.bmp;An.bmp;Fn.bmp;Cu.bmp;Ku.bmp;Ck.bmp;Zu.bmp;71;28;2;GL;U;Z;M;U
244;245;Ka.bmp;Ze.bmp;Ak.bmp;Ao.bmp;Un.bmp;Ek.bmp;Mn.bmp;Ez.bmp;Zk.bmp;29;73;6;G;E;Z;K;K
245;246;Ka.bmp;Mo.bmp;Ae.bmp;Zf.bmp;Kf.bmp;Zo.bmp;Ao.bmp;Ch.bmp;Em.bmp;50;15;1;GL;K;E;A;M
246;247;En.bmp;Ko.bmp;Mz.bmp;Oe.bmp;Am.bmp;Mn.bmp;Ne.bmp;Cf.bmp;Eh.bmp;29;27;8;GL;C;E;F;H
247;248;Ae.bmp;Zh.bmp;Za.bmp;Kh.bmp;Co.bmp;Nu.bmp;Ne.bmp;Zn.bmp;Zf.bmp;50;85;5;GL;C;Z;O;F
248;249;Cf.bmp;Kz.bmp;Km.bmp;Em.bmp;Fh.bmp;Oh.bmp;Ch.bmp;Fo.bmp;Cn.bmp;29;73;6;GL;O;C;H;N
249;250;Ou.bmp;Oe.bmp;Uc.bmp;Fa.bmp;Za.bmp;Az.bmp;Eo.bmp;Zc.bmp;Fn.bmp;50;85;5;GL;Z;F;A;N
250;251;Oa.bmp;Em.bmp;Fc.bmp;Ek.bmp;Mh.bmp;Nm.bmp;Mn.bmp;Oc.bmp;Kn.bmp;71;28;2;GL;E;K;M;N
251;252;Ak.bmp;Cu.bmp;Mo.bmp;Fn.bmp;Mk.bmp;Ce.bmp;Ne.bmp;Me.bmp;Kf.bmp;71;73;4;GL;F;K;N;F
252;253;Au.bmp;Co.bmp;Ec.bmp;Uk.bmp;Mc.bmp;Oa.bmp;Fc.bmp;Fm.bmp;Nz.bmp;71;28;2;GL;C;N;O;Z
253;254;Uh.bmp;Ae.bmp;Ca.bmp;Ac.bmp;Zf.bmp;Ho.bmp;Nu.bmp;Kf.bmp;Fn.bmp;50;85;5;GL;Z;F;F;N
254;255;Fn.bmp;Uc.bmp;Kf.bmp;Ou.bmp;Zm.bmp;Nm.bmp;Cn.bmp;Kz.bmp;Oz.bmp;50;15;1;GL;F;O;N;Z
255;256;Ua.bmp;Ao.bmp;Uo.bmp;No.bmp;Oz.bmp;On.bmp;Ka.bmp;Kc.bmp;Nm.bmp;50;15;1;GL;U;N;A;M
256;257;Uf.bmp;Mz.bmp;Co.bmp;Fc.bmp;Za.bmp;Nc.bmp;Zc.bmp;Zu.bmp;Kn.bmp;71;28;2;GL;M;K;Z;N
257;258;Ka.bmp;Ma.bmp;Cm.bmp;Ho.bmp;Co.bmp;Nu.bmp;Na.bmp;Mc.bmp;Nk.bmp;71;73;4;GL;H;N;O;K
258;259;Uh.bmp;Uz.bmp;Oe.bmp;Eo.bmp;Zf.bmp;Mu.bmp;Fn.bmp;He.bmp;Ch.bmp;20;50;7;GL;F;C;N;H
259;260;He.bmp;Hm.bmp;Me.bmp;Nf.bmp;Cf.bmp;Af.bmp;Fc.bmp;Uo.bmp;Ma.bmp;50;15;1;GL;H;M;E;A
260;261;Hc.bmp;Ma.bmp;Ek.bmp;Nk.bmp;Zu.bmp;Ok.bmp;Ef.bmp;Zn.bmp;Uz.bmp;80;50;3;GL;E;U;K;Z
261;262;Kh.bmp;Mc.bmp;Ao.bmp;Zc.bmp;Fu.bmp;Me.bmp;Of.bmp;Mn.bmp;Uo.bmp;20;50;7;GL;O;U;F;O
262;263;Uz.bmp;Nc.bmp;Ae.bmp;Kf.bmp;Nf.bmp;Fz.bmp;Hz.bmp;Uk.bmp;Cz.bmp;50;15;1;G;U;C;Z;Z
263;264;Ca.bmp;Cf.bmp;Hk.bmp;Me.bmp;Ao.bmp;Ec.bmp;Co.bmp;Hf.bmp;Ko.bmp;29;73;6;GL;E;K;C;O
264;265;Oc.bmp;Nk.bmp;Ua.bmp;Eo.bmp;Ze.bmp;Eu.bmp;Ao.bmp;Uo.bmp;Cf.bmp;71;28;2;GL;N;C;K;F
265;266;On.bmp;No.bmp;Mo.bmp;Zf.bmp;Fn.bmp;An.bmp;Zh.bmp;Ha.bmp;Um.bmp;29;27;8;GL;H;U;A;M
266;267;Uk.bmp;Co.bmp;Cf.bmp;Eu.bmp;Kz.bmp;Hk.bmp;Ma.bmp;On.bmp;Oh.bmp;50;15;1;GL;U;O;K;H
267;268;Zn.bmp;Ze.bmp;Ec.bmp;Zh.bmp;Kz.bmp;No.bmp;Cm.bmp;Nz.bmp;Em.bmp;71;73;4;GL;Z;E;H;M
268;269;Zh.bmp;Mn.bmp;Zf.bmp;Ou.bmp;On.bmp;Hn.bmp;Fc.bmp;Ao.bmp;Ak.bmp;71;73;4;GL;O;A;U;K
269;270;Ao.bmp;Nz.bmp;Hm.bmp;Kn.bmp;Hf.bmp;Mn.bmp;Ah.bmp;Cz.bmp;Zu.bmp;71;73;4;GL;K;Z;N;U
270;271;Ae.bmp;Zf.bmp;Hm.bmp;Kz.bmp;Cn.bmp;Mc.bmp;Ka.bmp;Fu.bmp;Fm.bmp;50;15;1;GL;A;F;E;M
271;272;Fh.bmp;Oe.bmp;Nu.bmp;Hu.bmp;Oh.bmp;Ce.bmp;Hf.bmp;Ou.bmp;En.bmp;80;50;3;GL;N;E;U;N
272;273;Hn.bmp;Ec.bmp;Ch.bmp;Kc.bmp;Ak.bmp;Nh.bmp;Me.bmp;Zc.bmp;Oc.bmp;29;27;8;G;Z;O;C;C
273;274;Mh.bmp;No.bmp;Ka.bmp;Ao.bmp;Of.bmp;Ec.bmp;Ua.bmp;Fn.bmp;Uz.bmp;80;50;3;GL;K;U;A;Z
274;275;Me.bmp;Uf.bmp;Ek.bmp;Ma.bmp;Mk.bmp;Hc.bmp;Af.bmp;Mh.bmp;Eo.bmp;80;50;3;L;E;E;K;O
275;276;Ao.bmp;Co.bmp;Ea.bmp;Fo.bmp;Nm.bmp;Zu.bmp;No.bmp;Uz.bmp;Om.bmp;50;85;5;G;N;O;M;M
276;277;Nf.bmp;Um.bmp;Ou.bmp;Zn.bmp;Un.bmp;Em.bmp;Kf.bmp;Km.bmp;Ek.bmp;71;28;2;GL;U;E;M;K
277;278;Mf.bmp;Mh.bmp;Ce.bmp;Kc.bmp;Ck.bmp;On.bmp;Az.bmp;Kh.bmp;Zf.bmp;29;27;8;GL;K;Z;H;F
278;279;Uh.bmp;Nz.bmp;Ho.bmp;On.bmp;Ca.bmp;Ce.bmp;Fz.bmp;Zu.bmp;Hm.bmp;71;28;2;GL;N;H;Z;M
279;280;Mk.bmp;Um.bmp;Fe.bmp;Ha.bmp;Zo.bmp;Me.bmp;Uh.bmp;Ea.bmp;Nz.bmp;71;73;4;GL;H;N;A;Z
280;281;Fe.bmp;Co.bmp;No.bmp;Hf.bmp;Ch.bmp;Uz.bmp;Nu.bmp;Fo.bmp;Az.bmp;20;50;7;GL;N;A;U;Z
281;282;Kh.bmp;Cf.bmp;Fo.bmp;Nz.bmp;Zm.bmp;Oa.bmp;Uk.bmp;Eu.bmp;Ck.bmp;29;27;8;GL;E;C;U;K
282;283;Mo.bmp;Hf.bmp;Ah.bmp;Ca.bmp;On.bmp;Mz.bmp;Kn.bmp;Oe.bmp;Uf.bmp;80;50;3;GL;A;U;H;F
283;284;Oc.bmp;Fu.bmp;Zf.bmp;Ne.bmp;Hm.bmp;Km.bmp;Hz.bmp;Of.bmp;Kc.bmp;71;73;4;GL;N;K;E;C
284;285;Fa.bmp;Fc.bmp;Ha.bmp;Un.bmp;Hc.bmp;Ue.bmp;Fh.bmp;Cz.bmp;Ah.bmp;71;28;2;GL;F;A;C;H
285;286;Ne.bmp;Co.bmp;Fm.bmp;Za.bmp;Zf.bmp;Ha.bmp;Mf.bmp;Hf.bmp;Ze.bmp;50;85;5;L;Z;Z;F;E
286;287;Oh.bmp;En.bmp;Un.bmp;Cm.bmp;Mz.bmp;Nu.bmp;Ho.bmp;Fm.bmp;Ac.bmp;80;50;3;GL;U;A;N;C
287;288;Cf.bmp;Oh.bmp;Ez.bmp;Am.bmp;Cm.bmp;En.bmp;Ho.bmp;Uh.bmp;Kf.bmp;50;15;1;G;C;K;F;F
288;289;Ca.bmp;Oz.bmp;Cu.bmp;Zf.bmp;Hz.bmp;Ze.bmp;On.bmp;Nk.bmp;Cn.bmp;71;73;4;GL;Z;C;F;N
289;290;An.bmp;Kz.bmp;Ha.bmp;Fm.bmp;Ce.bmp;Mk.bmp;Uo.bmp;Mf.bmp;Zc.bmp;50;85;5;GL;C;Z;E;C
290;291;Zf.bmp;Fz.bmp;Oe.bmp;Fa.bmp;Ck.bmp;Ae.bmp;Nz.bmp;Ze.bmp;Ko.bmp;71;28;2;GL;F;K;Z;O
291;292;Oa.bmp;On.bmp;Oe.bmp;Mu.bmp;Zk.bmp;Ah.bmp;Hn.bmp;Mf.bmp;Fh.bmp;71;28;2;GL;O;F;N;H
292;293;Oh.bmp;Mo.bmp;Mz.bmp;Ek.bmp;Cz.bmp;Zk.bmp;Zh.bmp;Fk.bmp;Me.bmp;50;85;5;GL;C;M;Z;E
293;294;Fo.bmp;Of.bmp;Ho.bmp;Nu.bmp;Uh.bmp;Cm.bmp;Uf.bmp;Am.bmp;Ca.bmp;50;85;5;GL;U;C;H;A
294;295;Mz.bmp;Ez.bmp;Nh.bmp;Af.bmp;Ou.bmp;Fm.bmp;Co.bmp;Zu.bmp;Fc.bmp;71;73;4;GL;A;F;F;C
295;296;Mc.bmp;Uf.bmp;Au.bmp;Oh.bmp;Ah.bmp;Me.bmp;Mo.bmp;Ma.bmp;Zm.bmp;50;15;1;GL;M;Z;C;M
296;297;Uc.bmp;Zc.bmp;Uh.bmp;He.bmp;Ec.bmp;Me.bmp;Hf.bmp;Hm.bmp;Mf.bmp;29;73;6;L;M;M;E;F
297;298;Nz.bmp;Ao.bmp;Co.bmp;Ac.bmp;Kz.bmp;Fu.bmp;Fn.bmp;Fe.bmp;Ef.bmp;50;85;5;GL;K;E;Z;F
298;299;Ou.bmp;An.bmp;Hm.bmp;Zo.bmp;Hz.bmp;Me.bmp;Uc.bmp;Nf.bmp;Kz.bmp;50;85;5;G;H;K;Z;Z
299;300;Nc.bmp;Mz.bmp;No.bmp;Me.bmp;Ua.bmp;Nf.bmp;Ao.bmp;Oc.bmp;Oh.bmp;71;73;4;GL;M;O;E;H
300;301;Mu.bmp;Oe.bmp;Nh.bmp;Fc.bmp;Fn.bmp;Oz.bmp;Nf.bmp;Fk.bmp;Fu.bmp;71;28;2;GL;O;F;E;U
301;302;Uf.bmp;Nu.bmp;Ua.bmp;Eh.bmp;Oc.bmp;Cn.bmp;Hc.bmp;Hu.bmp;Az.bmp;50;15;1;GL;U;A;F;Z
302;303;Na.bmp;Ef.bmp;Mu.bmp;Uh.bmp;Kc.bmp;Nk.bmp;Nz.bmp;Cn.bmp;Az.bmp;50;85;5;GL;K;A;C;Z
303;304;Oh.bmp;Fz.bmp;Fc.bmp;Kc.bmp;Mc.bmp;Ka.bmp;Cm.bmp;Mk.bmp;Af.bmp;29;27;8;GL;M;A;K;F
304;305;Cm.bmp;Zf.bmp;Hu.bmp;Hn.bmp;Kc.bmp;Fn.bmp;Ac.bmp;Em.bmp;Um.bmp;71;28;2;GL;Z;U;F;M
305;306;Hc.bmp;Zo.bmp;Eu.bmp;Mc.bmp;En.bmp;Kc.bmp;Nm.bmp;Oh.bmp;Ak.bmp;50;85;5;GL;E;A;N;K
306;307;Uf.bmp;Kh.bmp;Nm.bmp;Ue.bmp;Ec.bmp;Hc.bmp;Ou.bmp;Ce.bmp;Zf.bmp;50;15;1;G;U;Z;F;F
307;308;Uz.bmp;Om.bmp;Fo.bmp;He.bmp;Ou.bmp;Cu.bmp;Oh.bmp;Hn.bmp;Mf.bmp;50;85;5;GL;O;M;U;F
308;309;He.bmp;Ue.bmp;Kh.bmp;Um.bmp;Oh.bmp;Zo.bmp;Cm.bmp;Hn.bmp;Kz.bmp;29;73;6;GL;Z;K;O;Z
309;310;Mu.bmp;Mc.bmp;Cn.bmp;Ou.bmp;Eo.bmp;Oc.bmp;Ce.bmp;An.bmp;Zh.bmp;71;73;4;GL;O;Z;U;H
310;311;Fo.bmp;Uz.bmp;On.bmp;Mz.bmp;Me.bmp;Ho.bmp;Eh.bmp;Cn.bmp;Ca.bmp;50;15;1;GL;F;C;O;A
311;312;Ch.bmp;Ek.bmp;Fu.bmp;Fh.bmp;Un.bmp;Cu.bmp;Uo.bmp;Kn.bmp;Na.bmp;71;73;4;GL;F;N;H;A
312;313;He.bmp;Af.bmp;Me.bmp;Mn.bmp;Ne.bmp;Cn.bmp;Ca.bmp;Uz.bmp;Ec.bmp;71;73;4;GL;M;E;N;C
313;314;En.bmp;Kz.bmp;Zh.bmp;Ez.bmp;Ef.bmp;Me.bmp;Ea.bmp;Ha.bmp;Cm.bmp;20;50;7;GL;E;C;A;M
314;315;Om.bmp;Nz.bmp;Uh.bmp;En.bmp;Zc.bmp;Ec.bmp;Co.bmp;Um.bmp;Ou.bmp;20;50;7;GL;C;O;O;U
315;316;Ac.bmp;Mh.bmp;Ao.bmp;Mc.bmp;Za.bmp;Fe.bmp;Em.bmp;Hf.bmp;Kc.bmp;80;50;3;GL;A;K;O;C
316;317;Zo.bmp;Co.bmp;Ah.bmp;Hf.bmp;Uf.bmp;Em.bmp;Eh.bmp;Cm.bmp;Ck.bmp;50;15;1;GL;Z;C;O;K
317;318;Fh.bmp;Mu.bmp;Kc.bmp;No.bmp;Zo.bmp;Cu.bmp;Fz.bmp;Hn.bmp;Cf.bmp;29;27;8;GL;H;C;N;F
318;319;Cm.bmp;Nc.bmp;Ao.bmp;Ez.bmp;Uo.bmp;Ku.bmp;Nm.bmp;Nf.bmp;Uz.bmp;50;85;5;L;U;U;O;Z
319;320;Eu.bmp;An.bmp;Ek.bmp;Fc.bmp;Nz.bmp;Ka.bmp;Ho.bmp;Ae.bmp;Kz.bmp;80;50;3;GL;E;K;K;Z
320;321;Eo.bmp;Ma.bmp;Cz.bmp;Ku.bmp;Ke.bmp;Fe.bmp;Ao.bmp;Co.bmp;Hf.bmp;71;73;4;GL;K;H;U;F
321;322;Hn.bmp;Fe.bmp;Of.bmp;Hz.bmp;Zh.bmp;Kn.bmp;Nh.bmp;Ca.bmp;Eu.bmp;80;50;3;GL;O;E;F;U
322;323;Fu.bmp;Fc.bmp;Ea.bmp;Uz.bmp;Zo.bmp;Fz.bmp;Ku.bmp;Mh.bmp;Nu.bmp;50;15;1;G;F;N;U;U
323;324;Hk.bmp;En.bmp;Eo.bmp;Nk.bmp;Mc.bmp;Ac.bmp;Ae.bmp;Za.bmp;Ze.bmp;20;50;7;G;A;Z;E;E
324;325;He.bmp;Nk.bmp;Km.bmp;Ck.bmp;No.bmp;Af.bmp;Ue.bmp;Hc.bmp;Hn.bmp;50;15;1;L;H;H;E;N
325;326;Hk.bmp;Ku.bmp;Cu.bmp;Hc.bmp;Ha.bmp;Ka.bmp;Nh.bmp;Ef.bmp;Eo.bmp;71;73;4;GL;H;E;C;O
326;327;Zf.bmp;Of.bmp;Au.bmp;Fn.bmp;Om.bmp;Ao.bmp;Eu.bmp;Hu.bmp;Zn.bmp;29;73;6;GL;A;Z;O;N
327;328;Ah.bmp;On.bmp;Ke.bmp;Na.bmp;Ez.bmp;Mo.bmp;Kf.bmp;Hc.bmp;Nh.bmp;71;73;4;L;N;N;A;H
328;329;Ec.bmp;Fe.bmp;Of.bmp;Em.bmp;Ca.bmp;Hz.bmp;Nm.bmp;Eo.bmp;Uk.bmp;80;50;3;GL;O;U;F;K
329;330;Ha.bmp;Fa.bmp;Ao.bmp;Zu.bmp;Om.bmp;Fe.bmp;Uf.bmp;Ko.bmp;Nf.bmp;71;73;4;GL;Z;N;U;F
330;331;Eo.bmp;Zf.bmp;Fh.bmp;Hn.bmp;Ec.bmp;Ae.bmp;Oe.bmp;Nc.bmp;Fm.bmp;20;50;7;GL;O;F;E;M
331;332;Hc.bmp;Nf.bmp;An.bmp;Zu.bmp;Uk.bmp;Me.bmp;No.bmp;Ec.bmp;Ho.bmp;20;50;7;G;N;H;O;O
332;333;Fh.bmp;Fm.bmp;Au.bmp;Ac.bmp;On.bmp;Zc.bmp;Cu.bmp;Ke.bmp;Ou.bmp;20;50;7;G;C;O;U;U
333;334;Ce.bmp;Kz.bmp;Kh.bmp;Fo.bmp;Ue.bmp;Oe.bmp;Hz.bmp;Am.bmp;Ke.bmp;71;28;2;L;K;K;Z;E
334;335;Zc.bmp;Fa.bmp;Zk.bmp;Mo.bmp;He.bmp;Ka.bmp;No.bmp;Ok.bmp;Uo.bmp;29;73;6;GL;K;U;A;O
335;336;Uf.bmp;Fk.bmp;Ue.bmp;Un.bmp;Km.bmp;En.bmp;Nh.bmp;Fa.bmp;Nf.bmp;80;50;3;GL;U;N;E;F
336;337;Oc.bmp;Cn.bmp;Cm.bmp;Oa.bmp;Uz.bmp;Hz.bmp;Mu.bmp;Kz.bmp;Hk.bmp;50;85;5;GL;U;H;Z;K
337;338;Fa.bmp;Cu.bmp;Ok.bmp;Ue.bmp;Ef.bmp;Nm.bmp;Fm.bmp;Uh.bmp;Za.bmp;29;27;8;GL;U;Z;H;A
338;339;Zn.bmp;He.bmp;Co.bmp;Cz.bmp;Ue.bmp;Un.bmp;Km.bmp;Az.bmp;Uc.bmp;29;73;6;L;U;U;N;C
339;340;Fk.bmp;Fz.bmp;Un.bmp;Ae.bmp;Mf.bmp;Ok.bmp;Ke.bmp;Ce.bmp;Zm.bmp;50;85;5;GL;M;Z;F;M
340;341;Ok.bmp;Ke.bmp;Kh.bmp;Zn.bmp;Ha.bmp;Hk.bmp;Oc.bmp;Cz.bmp;Km.bmp;50;15;1;GL;O;K;K;M
341;342;Eo.bmp;Ko.bmp;Ek.bmp;Ka.bmp;Uk.bmp;Ao.bmp;Km.bmp;Zn.bmp;He.bmp;80;50;3;GL;E;H;K;E
342;343;Eh.bmp;Ah.bmp;Mo.bmp;Fe.bmp;Ok.bmp;Zu.bmp;Na.bmp;Cf.bmp;Kh.bmp;29;27;8;GL;C;K;F;H
343;344;Fn.bmp;Mz.bmp;Ku.bmp;Cu.bmp;Uc.bmp;Nk.bmp;Au.bmp;Ha.bmp;An.bmp;71;28;2;GL;M;A;Z;N
344;345;Oh.bmp;Na.bmp;He.bmp;Mk.bmp;Kn.bmp;Nu.bmp;Co.bmp;Nk.bmp;Fo.bmp;80;50;3;GL;H;F;E;O
345;346;Fz.bmp;Eh.bmp;Oa.bmp;Ec.bmp;Zh.bmp;Fm.bmp;Nh.bmp;Ou.bmp;Me.bmp;29;73;6;GL;F;M;M;E
346;347;Hm.bmp;Kn.bmp;Uh.bmp;Um.bmp;Ok.bmp;Oe.bmp;Oa.bmp;Eh.bmp;Am.bmp;71;73;4;G;U;A;M;M
347;348;Ke.bmp;Zk.bmp;Zh.bmp;Nh.bmp;Ae.bmp;Mc.bmp;Mf.bmp;Oe.bmp;Ma.bmp;29;27;8;GL;O;M;E;A
348;349;Hf.bmp;Ez.bmp;Fh.bmp;Ua.bmp;Kh.bmp;Ef.bmp;Of.bmp;Mn.bmp;Nz.bmp;71;28;2;G;E;N;Z;Z
349;350;Mh.bmp;Um.bmp;Fh.bmp;En.bmp;Mn.bmp;Mf.bmp;Ch.bmp;Me.bmp;Na.bmp;20;50;7;GL;C;N;H;A
350;351;Ah.bmp;Ez.bmp;Am.bmp;Mz.bmp;Ho.bmp;Eh.bmp;Zo.bmp;Ue.bmp;Hn.bmp;29;73;6;GL;E;H;H;N
351;352;Eu.bmp;Hz.bmp;Kh.bmp;An.bmp;Ah.bmp;Am.bmp;Kc.bmp;Hc.bmp;Fn.bmp;80;50;3;GL;K;F;H;N
352;353;Kf.bmp;Kn.bmp;Ah.bmp;Zn.bmp;Ce.bmp;Fz.bmp;Of.bmp;Cu.bmp;Hk.bmp;50;85;5;GL;C;H;E;K
353;354;Mh.bmp;Fo.bmp;Af.bmp;Mk.bmp;Nf.bmp;Hm.bmp;Ku.bmp;Ko.bmp;Ef.bmp;71;28;2;GL;F;E;O;F
354;355;Eh.bmp;No.bmp;Kh.bmp;Ha.bmp;Mf.bmp;Fm.bmp;Hn.bmp;Cz.bmp;Fo.bmp;29;27;8;GL;C;F;Z;O
355;356;Hn.bmp;Uk.bmp;On.bmp;Hf.bmp;Ko.bmp;Om.bmp;Ac.bmp;Fa.bmp;Az.bmp;29;73;6;GL;O;A;M;Z
356;357;Ua.bmp;Mk.bmp;Em.bmp;Ck.bmp;Eo.bmp;Um.bmp;Oe.bmp;Kn.bmp;Fu.bmp;71;28;2;GL;M;F;K;U
357;358;Nu.bmp;Uk.bmp;Cm.bmp;Km.bmp;Nf.bmp;Cz.bmp;Zc.bmp;Zo.bmp;Nm.bmp;50;85;5;L;N;N;F;M
358;359;Au.bmp;Ua.bmp;Of.bmp;Cz.bmp;Ae.bmp;Un.bmp;Zn.bmp;Kn.bmp;Fn.bmp;50;15;1;GL;A;F;U;N
359;360;Oz.bmp;Kh.bmp;On.bmp;Ah.bmp;Un.bmp;Az.bmp;Af.bmp;Uz.bmp;Ue.bmp;20;50;7;GL;A;U;F;E
360;361;Fz.bmp;Na.bmp;Kz.bmp;Nf.bmp;Uc.bmp;Ae.bmp;Ma.bmp;Co.bmp;Zo.bmp;50;15;1;GL;F;Z;Z;O
361;362;Hn.bmp;Mk.bmp;Mc.bmp;Ea.bmp;Mz.bmp;Ok.bmp;Uc.bmp;Fk.bmp;Uk.bmp;20;50;7;L;U;U;C;K
362;363;Eh.bmp;Cz.bmp;Ou.bmp;Oa.bmp;Hn.bmp;Fz.bmp;Ea.bmp;Nk.bmp;Oe.bmp;29;27;8;GL;N;O;K;E
363;364;Oe.bmp;Hn.bmp;Zo.bmp;Ec.bmp;Km.bmp;Of.bmp;Nk.bmp;Eh.bmp;Oa.bmp;29;73;6;L;O;O;F;A
364;365;Ef.bmp;Zu.bmp;Nf.bmp;Oa.bmp;Oc.bmp;Of.bmp;Nh.bmp;Hu.bmp;Ok.bmp;29;73;6;L;O;O;F;K
365;366;An.bmp;Ua.bmp;Ko.bmp;Mc.bmp;Nk.bmp;Ac.bmp;Zo.bmp;Ou.bmp;Fk.bmp;50;85;5;G;N;F;K;K
366;367;Oa.bmp;Ze.bmp;Mz.bmp;Ha.bmp;Ua.bmp;Ue.bmp;Nm.bmp;Fu.bmp;Fo.bmp;20;50;7;GL;N;F;M;O
367;368;Nc.bmp;Kn.bmp;Au.bmp;Ca.bmp;Mc.bmp;Cm.bmp;Fh.bmp;Za.bmp;Ma.bmp;80;50;3;GL;A;M;U;A
368;369;On.bmp;Ko.bmp;Au.bmp;Am.bmp;Ae.bmp;Zo.bmp;Ku.bmp;Nf.bmp;Mo.bmp;20;50;7;GL;K;M;U;O
369;370;Ea.bmp;Ck.bmp;Kh.bmp;Cm.bmp;Hf.bmp;Cn.bmp;Fz.bmp;Nk.bmp;Zn.bmp;80;50;3;GL;K;Z;H;N
370;371;Kc.bmp;Ah.bmp;An.bmp;Zu.bmp;Om.bmp;Za.bmp;No.bmp;Un.bmp;Hm.bmp;29;73;6;GL;Z;H;A;M
371;372;Fk.bmp;Cu.bmp;Nz.bmp;Hm.bmp;Az.bmp;Oc.bmp;Ec.bmp;Mk.bmp;Za.bmp;71;28;2;GL;C;Z;U;A
372;373;Cm.bmp;He.bmp;Nu.bmp;Oz.bmp;Na.bmp;Oa.bmp;Uh.bmp;Az.bmp;Kc.bmp;20;50;7;GL;U;K;H;C
373;374;Nz.bmp;Fc.bmp;Uh.bmp;Fk.bmp;Cn.bmp;Mn.bmp;Ec.bmp;Oh.bmp;Um.bmp;71;73;4;GL;F;U;K;M
374;375;Uk.bmp;Fo.bmp;Ef.bmp;Ce.bmp;Nu.bmp;Mu.bmp;Kz.bmp;Hm.bmp;Nz.bmp;71;28;2;GL;F;N;O;Z
375;376;Ma.bmp;Am.bmp;Hc.bmp;Nc.bmp;Ac.bmp;Hf.bmp;Nh.bmp;Hu.bmp;Mk.bmp;80;50;3;GL;H;M;C;K
376;377;Cf.bmp;Uc.bmp;Zn.bmp;Hu.bmp;Nz.bmp;Zc.bmp;Zu.bmp;Fm.bmp;Fe.bmp;29;73;6;GL;Z;F;C;E
377;378;Ae.bmp;Kf.bmp;Hc.bmp;Nu.bmp;Kc.bmp;Zm.bmp;Kz.bmp;Mn.bmp;Zc.bmp;20;50;7;GL;K;Z;Z;C
378;379;Zn.bmp;Zu.bmp;Mh.bmp;Hm.bmp;Zh.bmp;Na.bmp;En.bmp;Oc.bmp;Cm.bmp;71;28;2;GL;Z;C;U;M
379;380;Zm.bmp;An.bmp;Ac.bmp;Mh.bmp;Co.bmp;Ka.bmp;Fh.bmp;Mn.bmp;Ma.bmp;80;50;3;GL;A;M;C;A
380;381;Fk.bmp;Am.bmp;Nu.bmp;An.bmp;Ef.bmp;No.bmp;Un.bmp;Of.bmp;On.bmp;71;28;2;GL;A;O;M;N
381;382;Uh.bmp;Oe.bmp;Ma.bmp;Co.bmp;Nh.bmp;Zu.bmp;Fm.bmp;Oc.bmp;Oa.bmp;80;50;3;G;M;O;A;A
382;383;Ef.bmp;Ck.bmp;Uh.bmp;Nf.bmp;Zc.bmp;Hn.bmp;Em.bmp;Kz.bmp;Hk.bmp;80;50;3;GL;U;H;H;K
383;384;Eh.bmp;Nm.bmp;Ak.bmp;Cf.bmp;Ec.bmp;Mo.bmp;Az.bmp;Cm.bmp;Fz.bmp;80;50;3;GL;A;F;K;Z
384;385;Co.bmp;Mz.bmp;Ne.bmp;Fa.bmp;Af.bmp;Eu.bmp;Oz.bmp;Eo.bmp;Am.bmp;29;27;8;GL;E;A;O;M
385;386;Fu.bmp;Fe.bmp;Kc.bmp;Of.bmp;Ak.bmp;Nc.bmp;Mz.bmp;He.bmp;Em.bmp;71;73;4;GL;O;E;F;M
386;387;Uo.bmp;Nk.bmp;Zu.bmp;Hz.bmp;Kh.bmp;Hf.bmp;Fa.bmp;Cu.bmp;Ok.bmp;71;73;4;GL;H;O;Z;K
387;388;Au.bmp;No.bmp;Hc.bmp;Kz.bmp;Ko.bmp;Fn.bmp;Eo.bmp;Ou.bmp;Uk.bmp;50;15;1;GL;A;U;U;K
388;389;Me.bmp;Uz.bmp;Oh.bmp;Mu.bmp;Ah.bmp;Fh.bmp;Fu.bmp;Mf.bmp;Hm.bmp;80;50;3;GL;O;H;H;M
389;390;Hc.bmp;Zh.bmp;Hm.bmp;Zo.bmp;Zu.bmp;Ac.bmp;Kz.bmp;Hn.bmp;Ke.bmp;71;28;2;GL;Z;K;H;E
390;391;Ck.bmp;Ea.bmp;Nh.bmp;Mn.bmp;Ue.bmp;Ec.bmp;He.bmp;Cu.bmp;Co.bmp;29;27;8;L;C;C;U;O
391;392;Om.bmp;En.bmp;Mz.bmp;Mo.bmp;Nk.bmp;Az.bmp;Ca.bmp;Nf.bmp;Kz.bmp;50;85;5;GL;N;K;K;Z
392;393;Na.bmp;Ko.bmp;Nm.bmp;Fk.bmp;Ch.bmp;On.bmp;Nz.bmp;Kf.bmp;Ek.bmp;29;73;6;GL;O;E;N;K
393;394;Cz.bmp;Nu.bmp;Ko.bmp;Om.bmp;Na.bmp;Nz.bmp;Fz.bmp;Zn.bmp;Uh.bmp;71;28;2;GL;N;U;U;H
394;395;Ok.bmp;Az.bmp;Kf.bmp;Ku.bmp;Ze.bmp;Fm.bmp;Nf.bmp;Eo.bmp;Mh.bmp;71;28;2;GL;A;M;Z;H
395;396;Ku.bmp;Ez.bmp;Mk.bmp;Uf.bmp;Ma.bmp;Ak.bmp;Eo.bmp;Ze.bmp;Um.bmp;71;28;2;GL;E;U;Z;M
396;397;Mu.bmp;Ak.bmp;Nh.bmp;Am.bmp;Za.bmp;Fe.bmp;Ch.bmp;Fz.bmp;Ma.bmp;50;85;5;G;Z;M;A;A
397;398;Ac.bmp;Nh.bmp;Of.bmp;Oc.bmp;Uh.bmp;Ne.bmp;Fa.bmp;Ze.bmp;Ha.bmp;50;85;5;GL;U;H;H;A
398;399;Cm.bmp;Zo.bmp;Cu.bmp;Ou.bmp;Me.bmp;Az.bmp;Mo.bmp;Ze.bmp;Zh.bmp;29;27;8;L;Z;Z;E;H
399;400;Uf.bmp;Kn.bmp;Eo.bmp;Uh.bmp;Ch.bmp;Nf.bmp;Cn.bmp;Hm.bmp;Fn.bmp;71;28;2;G;K;F;N;N
400;401;He.bmp;Cn.bmp;Zh.bmp;Uk.bmp;Hm.bmp;Mh.bmp;Uo.bmp;Fm.bmp;Hn.bmp;71;28;2;G;C;H;N;N
401;402;Fh.bmp;Ck.bmp;Kc.bmp;Hf.bmp;Ez.bmp;An.bmp;Hu.bmp;Uc.bmp;Zf.bmp;71;73;4;G;H;Z;F;F
402;403;Cz.bmp;Au.bmp;Hm.bmp;Ho.bmp;Me.bmp;Uk.bmp;Fk.bmp;Ck.bmp;Az.bmp;50;15;1;G;C;A;Z;Z
403;404;Un.bmp;Au.bmp;Om.bmp;Ok.bmp;Mc.bmp;An.bmp;Ek.bmp;Hu.bmp;Ku.bmp;29;27;8;G;H;K;U;U
404;405;Ah.bmp;Fz.bmp;Na.bmp;Oz.bmp;Eu.bmp;Fa.bmp;Zc.bmp;Ef.bmp;Zk.bmp;20;50;7;L;Z;Z;C;K
405;406;Hn.bmp;Nh.bmp;Uh.bmp;Ku.bmp;Ko.bmp;Nf.bmp;An.bmp;Ac.bmp;Zn.bmp;50;15;1;G;H;Z;N;N
406;407;Ca.bmp;Fo.bmp;Mc.bmp;Zm.bmp;Nh.bmp;Kf.bmp;Mu.bmp;Uh.bmp;No.bmp;71;28;2;G;F;N;O;O
407;408;Kn.bmp;Oc.bmp;Eo.bmp;Em.bmp;Ko.bmp;Af.bmp;Ou.bmp;Ch.bmp;Fc.bmp;71;28;2;G;O;F;C;C
408;409;Mh.bmp;Mf.bmp;Nc.bmp;Ah.bmp;Ho.bmp;Ze.bmp;Co.bmp;Fm.bmp;Ne.bmp;29;73;6;G;Z;N;E;E
409;410;Am.bmp;Ma.bmp;Oe.bmp;Hm.bmp;Em.bmp;Ek.bmp;Ho.bmp;Kc.bmp;Zm.bmp;50;85;5;G;E;Z;M;M
410;411;Mc.bmp;Uf.bmp;An.bmp;Hu.bmp;Fn.bmp;Ku.bmp;Ha.bmp;Uz.bmp;Fz.bmp;50;85;5;L;F;F;N;Z
411;412;Hk.bmp;Zf.bmp;Ko.bmp;Hu.bmp;Hf.bmp;Ka.bmp;Ah.bmp;Oa.bmp;Uo.bmp;80;50;3;G;K;U;O;O
412;413;No.bmp;Mn.bmp;Kz.bmp;Ma.bmp;Oc.bmp;Cz.bmp;Zu.bmp;Om.bmp;Oa.bmp;29;27;8;L;O;O;M;A
413;414;Az.bmp;Um.bmp;Ha.bmp;Ck.bmp;Ne.bmp;En.bmp;Fa.bmp;Eh.bmp;Cf.bmp;71;73;4;L;C;C;K;F
414;415;Mz.bmp;Oe.bmp;Ec.bmp;Km.bmp;Un.bmp;Zf.bmp;He.bmp;Hn.bmp;Of.bmp;29;73;6;G;Z;O;F;F
415;416;Nk.bmp;Kf.bmp;Mh.bmp;Za.bmp;Fk.bmp;Zc.bmp;Ao.bmp;Nh.bmp;Nu.bmp;50;15;1;L;N;N;K;U
416;417;Zf.bmp;Fc.bmp;Nh.bmp;Ez.bmp;Ha.bmp;Km.bmp;Uz.bmp;Hn.bmp;Hc.bmp;71;28;2;G;F;H;C;C
417;418;Hu.bmp;Cf.bmp;Um.bmp;Fh.bmp;Mn.bmp;Af.bmp;Az.bmp;Ae.bmp;Ca.bmp;71;28;2;L;C;C;F;A
418;419;Zn.bmp;Oa.bmp;Ea.bmp;Hu.bmp;Ec.bmp;En.bmp;Cu.bmp;On.bmp;Zu.bmp;20;50;7;G;C;Z;U;U
419;420;Kz.bmp;Ze.bmp;Ke.bmp;Ef.bmp;Ku.bmp;Uo.bmp;Em.bmp;Ch.bmp;Zu.bmp;71;28;2;L;Z;Z;E;U
420;421;Fz.bmp;Fn.bmp;Ea.bmp;Ze.bmp;Zn.bmp;Nu.bmp;Om.bmp;Ne.bmp;Zm.bmp;50;85;5;L;Z;Z;N;M
421;422;An.bmp;Oh.bmp;Nf.bmp;Mu.bmp;Oc.bmp;He.bmp;Ko.bmp;Kz.bmp;Ke.bmp;29;27;8;L;K;K;Z;E
422;423;Kc.bmp;Fh.bmp;Cu.bmp;Fz.bmp;Fk.bmp;Ko.bmp;Hn.bmp;Ka.bmp;Mk.bmp;50;85;5;G;F;M;K;K
423;424;Ou.bmp;Ae.bmp;Uo.bmp;Ac.bmp;Fh.bmp;Ef.bmp;Nh.bmp;Uh.bmp;Uz.bmp;80;50;3;L;U;U;O;Z
424;425;Em.bmp;Hn.bmp;No.bmp;Fe.bmp;Mz.bmp;Mk.bmp;Mh.bmp;Fa.bmp;Hk.bmp;71;28;2;L;H;H;N;K
425;426;Kc.bmp;Nh.bmp;Mk.bmp;Uo.bmp;Ez.bmp;Uc.bmp;Hn.bmp;Au.bmp;Zk.bmp;80;50;3;G;M;Z;K;K
426;427;Ae.bmp;Cn.bmp;Hc.bmp;Ao.bmp;Hn.bmp;Ha.bmp;Nu.bmp;Ku.bmp;Ak.bmp;50;15;1;L;A;A;E;K
427;428;Fh.bmp;Mf.bmp;Fz.bmp;Un.bmp;Ue.bmp;Ze.bmp;Ez.bmp;Ko.bmp;Ae.bmp;29;73;6;G;Z;A;E;E
428;429;Ua.bmp;Zk.bmp;Zh.bmp;Fu.bmp;Nf.bmp;Un.bmp;Me.bmp;Em.bmp;Om.bmp;29;27;8;G;E;O;M;M
429;430;Ak.bmp;Of.bmp;Ha.bmp;Nm.bmp;Hu.bmp;Zc.bmp;Mk.bmp;Mf.bmp;Oa.bmp;71;28;2;L;O;O;F;A
430;431;Eo.bmp;Ka.bmp;Ef.bmp;Ze.bmp;Uh.bmp;Zf.bmp;Eu.bmp;Nu.bmp;Mo.bmp;50;15;1;G;E;M;O;O
431;432;Fh.bmp;Kz.bmp;Nh.bmp;Hu.bmp;Na.bmp;Fz.bmp;Nu.bmp;Af.bmp;Ef.bmp;29;27;8;G;A;E;F;F
432;433;Hk.bmp;Fe.bmp;Me.bmp;Mu.bmp;Kn.bmp;Ak.bmp;Fm.bmp;Af.bmp;Zk.bmp;29;73;6;G;A;Z;K;K
433;434;Zn.bmp;Kc.bmp;Ze.bmp;Cn.bmp;Kh.bmp;Fm.bmp;Uk.bmp;An.bmp;En.bmp;29;27;8;G;A;E;N;N
434;435;Ko.bmp;Nm.bmp;Zk.bmp;Oz.bmp;Kf.bmp;Eh.bmp;Na.bmp;Oc.bmp;Ou.bmp;29;27;8;L;O;O;C;U
435;436;Kn.bmp;Oz.bmp;Ho.bmp;Ko.bmp;Oe.bmp;Zm.bmp;Ze.bmp;Ok.bmp;Zo.bmp;71;73;4;G;K;Z;O;O
436;437;Mf.bmp;Mh.bmp;Fz.bmp;Ze.bmp;Zo.bmp;Oh.bmp;Fu.bmp;Mu.bmp;Zm.bmp;50;85;5;L;Z;Z;O;M
437;438;Ue.bmp;Ha.bmp;Kf.bmp;Zc.bmp;Kz.bmp;Au.bmp;Zo.bmp;Me.bmp;Uc.bmp;50;15;1;L;U;U;E;C
438;439;Mc.bmp;Cm.bmp;Am.bmp;Cz.bmp;Uo.bmp;Oc.bmp;Um.bmp;Ck.bmp;Fk.bmp;29;27;8;G;C;F;K;K
439;440;Ah.bmp;Kf.bmp;Oc.bmp;Kn.bmp;Hk.bmp;Nz.bmp;Uk.bmp;Nk.bmp;Ck.bmp;29;27;8;G;N;C;K;K
440;441;Ok.bmp;Me.bmp;Mn.bmp;Cn.bmp;Ha.bmp;Ka.bmp;Eo.bmp;Fe.bmp;Un.bmp;71;73;4;G;C;U;N;N
441;442;Na.bmp;Zf.bmp;Fn.bmp;Fu.bmp;Hn.bmp;Kc.bmp;Em.bmp;Oz.bmp;Zc.bmp;29;73;6;G;K;Z;C;C
442;443;Fa.bmp;Nf.bmp;Fc.bmp;Ao.bmp;Az.bmp;Ok.bmp;Cn.bmp;Ou.bmp;Am.bmp;50;85;5;L;A;A;Z;M
443;444;Nf.bmp;Me.bmp;Ao.bmp;Ac.bmp;Nh.bmp;Kz.bmp;Ku.bmp;Oa.bmp;Na.bmp;50;15;1;L;N;N;F;A
444;445;Ua.bmp;Hn.bmp;Nk.bmp;Km.bmp;Ko.bmp;Ze.bmp;Kn.bmp;Fa.bmp;Ca.bmp;50;15;1;G;U;C;A;A
445;446;Ma.bmp;Am.bmp;Fe.bmp;Zk.bmp;Cu.bmp;Nm.bmp;Fm.bmp;Cm.bmp;Fn.bmp;80;50;3;L;F;F;E;N
446;447;Fu.bmp;Mh.bmp;Cu.bmp;Kf.bmp;Ku.bmp;Eh.bmp;Ec.bmp;Cz.bmp;Eu.bmp;80;50;3;G;C;E;U;U
447;448;Zn.bmp;Nk.bmp;Oa.bmp;Am.bmp;Zk.bmp;Eu.bmp;Cf.bmp;Um.bmp;On.bmp;50;15;1;G;Z;O;N;N
448;449;Uf.bmp;Uz.bmp;Eu.bmp;Oe.bmp;Ea.bmp;Ch.bmp;Kh.bmp;Ez.bmp;Km.bmp;20;50;7;L;K;K;H;M
449;450;Kz.bmp;Eo.bmp;Ue.bmp;Nm.bmp;Un.bmp;Af.bmp;Na.bmp;Ak.bmp;Ka.bmp;20;50;7;G;N;K;A;A
450;451;Ac.bmp;Zk.bmp;Ck.bmp;Nu.bmp;No.bmp;Zc.bmp;Oa.bmp;Hf.bmp;Za.bmp;71;28;2;L;Z;Z;K;A
451;452;Of.bmp;Uh.bmp;Cn.bmp;Af.bmp;Me.bmp;Ua.bmp;Cm.bmp;Zo.bmp;Hn.bmp;80;50;3;G;C;H;N;N
452;453;Fu.bmp;Nm.bmp;Ez.bmp;An.bmp;Af.bmp;Zh.bmp;Zo.bmp;Mu.bmp;Mo.bmp;29;27;8;L;M;M;U;O
453;454;Un.bmp;Hk.bmp;Ez.bmp;Kc.bmp;Ac.bmp;Ko.bmp;Mu.bmp;Hf.bmp;Mz.bmp;20;50;7;L;M;M;U;Z
454;455;Ca.bmp;Ak.bmp;Ac.bmp;No.bmp;Ua.bmp;Me.bmp;Uz.bmp;Of.bmp;Uh.bmp;50;85;5;L;U;U;A;H
455;456;Fk.bmp;Ue.bmp;Mn.bmp;Eo.bmp;Mo.bmp;Oa.bmp;Ze.bmp;Eu.bmp;Un.bmp;80;50;3;G;M;U;N;N
456;457;Hf.bmp;Uc.bmp;Fk.bmp;Mo.bmp;Ze.bmp;Km.bmp;Um.bmp;Oc.bmp;Uk.bmp;80;50;3;G;F;U;K;K
457;458;Hm.bmp;Nk.bmp;Mk.bmp;Ne.bmp;Cn.bmp;Ue.bmp;No.bmp;Fn.bmp;Nu.bmp;71;28;2;L;N;N;K;U
458;459;Za.bmp;Uo.bmp;Zh.bmp;Hm.bmp;Ok.bmp;Hz.bmp;Cm.bmp;Ak.bmp;Uz.bmp;71;28;2;L;U;U;O;Z
459;460;Ec.bmp;Ou.bmp;On.bmp;Hz.bmp;Cz.bmp;Mu.bmp;Fe.bmp;Ch.bmp;Zn.bmp;80;50;3;G;O;Z;N;N
460;461;Zf.bmp;Of.bmp;Cm.bmp;Hn.bmp;Ck.bmp;Nm.bmp;Fu.bmp;Mn.bmp;Ef.bmp;50;15;1;G;Z;E;F;F
461;462;Hm.bmp;Nu.bmp;Zk.bmp;Ne.bmp;Zm.bmp;Zc.bmp;Zo.bmp;Hz.bmp;No.bmp;71;73;4;L;N;N;E;O
462;463;Mc.bmp;Nc.bmp;Kf.bmp;Cf.bmp;Fc.bmp;Au.bmp;Ku.bmp;Fh.bmp;Kc.bmp;50;85;5;G;F;K;C;C
463;464;Mk.bmp;Hn.bmp;Zk.bmp;Zf.bmp;En.bmp;Az.bmp;Ah.bmp;Oh.bmp;Ak.bmp;20;50;7;L;A;A;H;K
464;465;Az.bmp;Zh.bmp;Cu.bmp;Ez.bmp;Fu.bmp;Zu.bmp;Mc.bmp;Om.bmp;Zo.bmp;29;73;6;L;Z;Z;U;O
465;466;Ez.bmp;Az.bmp;Oa.bmp;Ok.bmp;Hf.bmp;Ku.bmp;Ak.bmp;Cz.bmp;Om.bmp;71;73;4;L;O;O;K;M
466;467;Oe.bmp;Zu.bmp;Ne.bmp;Hu.bmp;Mh.bmp;Ko.bmp;Ho.bmp;Ae.bmp;Fe.bmp;29;27;8;G;A;F;E;E
467;468;Ca.bmp;Ok.bmp;Ck.bmp;Un.bmp;Zk.bmp;Ma.bmp;Ak.bmp;Mu.bmp;Mc.bmp;29;27;8;L;M;M;U;C
468;469;Hc.bmp;Ze.bmp;Ek.bmp;Fe.bmp;Ne.bmp;Uz.bmp;Ce.bmp;Kf.bmp;Nf.bmp;29;27;8;G;K;N;F;F
469;470;Kn.bmp;Ha.bmp;Uf.bmp;Of.bmp;Ka.bmp;Ak.bmp;Fm.bmp;On.bmp;Ok.bmp;29;73;6;G;A;O;K;K
470;471;An.bmp;Hc.bmp;Am.bmp;Fm.bmp;Na.bmp;Hk.bmp;Ca.bmp;Mk.bmp;Nh.bmp;50;85;5;L;N;N;A;H
471;472;Na.bmp;Zm.bmp;Ho.bmp;Oa.bmp;Fc.bmp;Ku.bmp;Hn.bmp;Fz.bmp;Un.bmp;20;50;7;G;H;U;N;N
472;473;No.bmp;Fz.bmp;Zm.bmp;Fn.bmp;Ka.bmp;Kh.bmp;Fc.bmp;Uf.bmp;Za.bmp;50;85;5;G;K;Z;A;A
473;474;Hk.bmp;Zo.bmp;Km.bmp;Fa.bmp;Cm.bmp;Uf.bmp;Za.bmp;Nh.bmp;Zm.bmp;50;85;5;G;C;Z;M;M
474;475;On.bmp;Kn.bmp;Uh.bmp;Mf.bmp;Mk.bmp;Nk.bmp;No.bmp;Zk.bmp;Ue.bmp;80;50;3;L;U;U;H;E
475;476;Ek.bmp;Oa.bmp;Ku.bmp;Fc.bmp;Nm.bmp;Cm.bmp;Hm.bmp;Za.bmp;Ok.bmp;71;28;2;L;O;O;A;K
476;477;Mc.bmp;Ke.bmp;Oc.bmp;Kh.bmp;Zo.bmp;Ua.bmp;Fc.bmp;Ko.bmp;No.bmp;29;27;8;G;K;N;O;O
477;478;Ko.bmp;Ka.bmp;Fo.bmp;Kh.bmp;Mk.bmp;Ao.bmp;Uh.bmp;Oe.bmp;Eo.bmp;80;50;3;G;F;E;O;O
478;479;Eu.bmp;Zm.bmp;Fa.bmp;Ha.bmp;Ch.bmp;Hf.bmp;Eo.bmp;Ke.bmp;Fe.bmp;29;27;8;G;K;F;E;E
479;480;Fn.bmp;Nu.bmp;Fm.bmp;Zu.bmp;Eo.bmp;Fo.bmp;Uo.bmp;Mn.bmp;Mu.bmp;71;73;4;G;Z;M;U;U
480;481;Hk.bmp;Cu.bmp;Uz.bmp;Uf.bmp;Mu.bmp;Me.bmp;Ck.bmp;Am.bmp;Uk.bmp;80;50;3;L;U;U;Z;K
481;482;Zc.bmp;Ef.bmp;Uf.bmp;Eu.bmp;Oa.bmp;Hu.bmp;Uc.bmp;Mz.bmp;Zu.bmp;71;73;4;G;E;Z;U;U
482;483;Fm.bmp;Mo.bmp;Nz.bmp;Nf.bmp;Mn.bmp;Ef.bmp;Nc.bmp;Um.bmp;Mc.bmp;20;50;7;G;N;M;C;C
483;484;Mf.bmp;Oa.bmp;Oe.bmp;Uc.bmp;Uo.bmp;Ko.bmp;Fn.bmp;Ae.bmp;Ah.bmp;29;27;8;L;A;A;E;H
484;485;Ao.bmp;Oc.bmp;Hz.bmp;Nu.bmp;Oh.bmp;Ou.bmp;Zf.bmp;Fk.bmp;Oz.bmp;50;85;5;L;O;O;H;Z
485;486;Ae.bmp;Ho.bmp;Eh.bmp;Mf.bmp;Ka.bmp;No.bmp;Kh.bmp;Fu.bmp;Ke.bmp;50;85;5;L;K;K;A;E
486;487;Kz.bmp;Ek.bmp;No.bmp;Mn.bmp;Ok.bmp;Uo.bmp;Cm.bmp;Fa.bmp;Az.bmp;50;15;1;G;K;A;Z;Z
487;488;Ef.bmp;Km.bmp;Zm.bmp;Zf.bmp;Na.bmp;Zo.bmp;Eu.bmp;Cu.bmp;Nm.bmp;80;50;3;G;Z;N;M;M
488;489;Ko.bmp;Ho.bmp;Nc.bmp;Fc.bmp;Ak.bmp;Ek.bmp;Uc.bmp;Ez.bmp;Cz.bmp;29;27;8;G;E;C;Z;Z
489;490;Fo.bmp;Oc.bmp;Nk.bmp;Nu.bmp;Mz.bmp;Om.bmp;Cz.bmp;Hc.bmp;Ao.bmp;50;15;1;G;F;A;O;O
490;491;Km.bmp;Ah.bmp;Un.bmp;Kz.bmp;Em.bmp;Fn.bmp;Nu.bmp;Oa.bmp;Fe.bmp;29;73;6;L;F;F;N;E
491;492;Mz.bmp;Mc.bmp;Zo.bmp;Na.bmp;Uz.bmp;Kh.bmp;Nc.bmp;Oz.bmp;Mh.bmp;50;15;1;L;M;M;Z;H
492;493;Mf.bmp;Oh.bmp;Ke.bmp;Ao.bmp;On.bmp;Nh.bmp;Oz.bmp;Fk.bmp;Kf.bmp;50;15;1;G;M;K;F;F
493;494;Mc.bmp;Zm.bmp;Zh.bmp;Un.bmp;Kn.bmp;Ak.bmp;Fe.bmp;Em.bmp;Fz.bmp;20;50;7;L;F;F;E;Z
494;495;Uo.bmp;Zc.bmp;Ku.bmp;Uc.bmp;Fh.bmp;Nz.bmp;Fe.bmp;Zm.bmp;Fo.bmp;50;15;1;G;U;F;O;O
495;496;Km.bmp;Ce.bmp;Ez.bmp;He.bmp;Nu.bmp;Fo.bmp;Zu.bmp;Zh.bmp;Ku.bmp;50;15;1;L;K;K;M;U
496;497;Na.bmp;Mo.bmp;Eh.bmp;Mu.bmp;Oz.bmp;Ea.bmp;Nu.bmp;Ak.bmp;Nm.bmp;20;50;7;L;N;N;U;M
497;498;Kz.bmp;Kc.bmp;Nk.bmp;Fu.bmp;Ku.bmp;Kf.bmp;Nf.bmp;Uc.bmp;Nh.bmp;80;50;3;L;N;N;K;H
498;499;Ea.bmp;Zk.bmp;Nk.bmp;Mc.bmp;Ac.bmp;Af.bmp;Fa.bmp;Co.bmp;Fc.bmp;71;73;4;G;M;F;C;C
499;500;Fk.bmp;Ha.bmp;Ch.bmp;Ne.bmp;Em.bmp;Uf.bmp;Ec.bmp;Oe.bmp;Ak.bmp;50;15;1;G;F;A;K;K
500;501;Cf.bmp;Hz.bmp;Mo.bmp;Fk.bmp;Zh.bmp;Nz.bmp;Fh.bmp;Fo.bmp;Fa.bmp;20;50;7;L;F;F;H;A
501;502;Ua.bmp;Un.bmp;Ao.bmp;Eo.bmp;Om.bmp;Nh.bmp;Ae.bmp;Ho.bmp;He.bmp;20;50;7;G;A;H;E;E
502;503;An.bmp;Mn.bmp;Ch.bmp;Ck.bmp;Uk.bmp;Hn.bmp;Zm.bmp;No.bmp;Mf.bmp;71;28;2;L;M;M;N;F
503;504;Nf.bmp;Ck.bmp;Cu.bmp;Fz.bmp;Me.bmp;Kh.bmp;Hc.bmp;Uf.bmp;Ef.bmp;29;27;8;G;U;E;F;F
504;505;Ma.bmp;Ea.bmp;Cu.bmp;Zn.bmp;Ha.bmp;Cz.bmp;Hf.bmp;Nc.bmp;Ua.bmp;50;85;5;G;H;U;A;A
505;506;Mc.bmp;Hn.bmp;Zm.bmp;Ou.bmp;Of.bmp;Ka.bmp;Ah.bmp;Oc.bmp;Au.bmp;71;73;4;G;O;A;U;U
506;507;Ok.bmp;Ca.bmp;Ah.bmp;Um.bmp;Nm.bmp;Kc.bmp;Uh.bmp;Uo.bmp;Ku.bmp;29;73;6;L;K;K;C;U
507;508;Ea.bmp;Ao.bmp;Fz.bmp;Au.bmp;Eo.bmp;Of.bmp;Ne.bmp;Me.bmp;Nz.bmp;80;50;3;G;F;N;Z;Z
508;509;Cn.bmp;Oz.bmp;Ca.bmp;Hc.bmp;Ko.bmp;Ea.bmp;Cu.bmp;Ku.bmp;Fz.bmp;71;28;2;G;O;F;Z;Z
509;510;Ek.bmp;Kc.bmp;Mh.bmp;Uc.bmp;Fn.bmp;En.bmp;Mc.bmp;Hc.bmp;Zc.bmp;71;73;4;G;U;Z;C;C
510;511;Nz.bmp;Hk.bmp;Zu.bmp;Zh.bmp;Fc.bmp;Cm.bmp;Nu.bmp;Hc.bmp;Nc.bmp;50;85;5;G;F;N;C;C
511;512;Na.bmp;Fc.bmp;Zc.bmp;Oz.bmp;Fm.bmp;Nf.bmp;Ue.bmp;Ca.bmp;Um.bmp;50;85;5;G;F;U;M;M
512;513;Cz.bmp;Zo.bmp;Ck.bmp;Of.bmp;Nk.bmp;Cm.bmp;Ef.bmp;Um.bmp;Ez.bmp;20;50;7;L;E;E;F;Z
513;514;Kz.bmp;Nc.bmp;Cz.bmp;Fe.bmp;Km.bmp;Cf.bmp;He.bmp;Ne.bmp;Fm.bmp;50;85;5;G;K;F;M;M
514;515;Ae.bmp;Kh.bmp;Kf.bmp;Eo.bmp;Mh.bmp;Hk.bmp;Mf.bmp;Fa.bmp;Ho.bmp;71;73;4;G;E;H;O;O
515;516;Hk.bmp;Ek.bmp;Me.bmp;Zn.bmp;Kn.bmp;Kf.bmp;Ec.bmp;Ef.bmp;Ke.bmp;29;73;6;L;K;K;F;E
516;517;Hf.bmp;Fc.bmp;Mh.bmp;Hz.bmp;Eo.bmp;Zc.bmp;Ma.bmp;Ec.bmp;Oh.bmp;80;50;3;G;M;O;H;H
517;518;Fc.bmp;Hc.bmp;Kh.bmp;Ac.bmp;Kz.bmp;Ke.bmp;Ek.bmp;Uc.bmp;Uk.bmp;20;50;7;G;E;U;K;K
518;519;No.bmp;Ku.bmp;Nk.bmp;Ze.bmp;Uf.bmp;Hc.bmp;Mo.bmp;En.bmp;Uk.bmp;50;85;5;L;U;U;F;K
519;520;Uf.bmp;Um.bmp;Eo.bmp;Ec.bmp;Oa.bmp;Ua.bmp;Mh.bmp;Fo.bmp;Mo.bmp;80;50;3;G;E;M;O;O
520;521;Zk.bmp;Un.bmp;Mn.bmp;Ch.bmp;Kz.bmp;Kh.bmp;Ah.bmp;Hu.bmp;Ca.bmp;71;73;4;L;C;C;H;A
521;522;Ca.bmp;Cz.bmp;Ck.bmp;Zk.bmp;Em.bmp;Ke.bmp;No.bmp;Mh.bmp;Oa.bmp;50;15;1;G;C;O;A;A
522;523;Ua.bmp;Um.bmp;Nu.bmp;Cu.bmp;Uo.bmp;Mc.bmp;Uf.bmp;Om.bmp;Fm.bmp;71;28;2;G;U;F;M;M
523;524;Uf.bmp;Em.bmp;Af.bmp;Mc.bmp;Fc.bmp;Ue.bmp;Me.bmp;Uz.bmp;Ez.bmp;29;27;8;G;U;E;Z;Z
524;525;Eh.bmp;Hk.bmp;Az.bmp;En.bmp;Me.bmp;Zh.bmp;Kf.bmp;Zu.bmp;Ec.bmp;71;73;4;L;E;E;N;C
525;526;Mc.bmp;Ae.bmp;Eh.bmp;Uk.bmp;Co.bmp;Zo.bmp;Ha.bmp;Ca.bmp;Hn.bmp;20;50;7;L;H;H;A;N
526;527;Hk.bmp;Fz.bmp;Mc.bmp;Az.bmp;Oz.bmp;Mn.bmp;Ku.bmp;Co.bmp;Cu.bmp;20;50;7;G;K;C;U;U
527;528;Zc.bmp;Zk.bmp;Hz.bmp;Ze.bmp;Oz.bmp;Nm.bmp;Hn.bmp;Kc.bmp;Fz.bmp;80;50;3;G;H;F;Z;Z
528;529;Ke.bmp;Kn.bmp;Hn.bmp;Ka.bmp;Nh.bmp;Zf.bmp;Mu.bmp;Kz.bmp;Nk.bmp;50;85;5;L;N;N;H;K
529;530;Fz.bmp;Uo.bmp;Ka.bmp;Nf.bmp;Em.bmp;Me.bmp;Ck.bmp;Ae.bmp;Om.bmp;50;85;5;G;E;O;M;M
530;531;Uk.bmp;Oa.bmp;Eo.bmp;Fh.bmp;Fm.bmp;Hc.bmp;Fz.bmp;Zn.bmp;Hz.bmp;29;73;6;L;H;H;C;Z
531;532;Cn.bmp;Kc.bmp;Mc.bmp;Zm.bmp;Eh.bmp;Ko.bmp;Uk.bmp;On.bmp;Hc.bmp;80;50;3;G;M;H;C;C
532;533;Cf.bmp;Hk.bmp;Ah.bmp;Un.bmp;Zo.bmp;Mn.bmp;Hf.bmp;Zn.bmp;Af.bmp;50;15;1;G;C;A;F;F
533;534;Az.bmp;Ka.bmp;Ek.bmp;Kc.bmp;Hc.bmp;Am.bmp;Oh.bmp;Zu.bmp;Zc.bmp;50;85;5;G;H;Z;C;C
534;535;Ao.bmp;Fc.bmp;Ka.bmp;Nh.bmp;Nu.bmp;Oe.bmp;Cu.bmp;Km.bmp;Ua.bmp;80;50;3;G;K;U;A;A
535;536;Mu.bmp;Mh.bmp;Ko.bmp;Hf.bmp;Ua.bmp;Ke.bmp;Eo.bmp;Ne.bmp;Ou.bmp;50;15;1;G;M;O;U;U
536;537;Uo.bmp;Em.bmp;Eu.bmp;En.bmp;Uf.bmp;Kc.bmp;Oa.bmp;Za.bmp;Ef.bmp;80;50;3;L;E;E;U;F
537;538;Am.bmp;Uh.bmp;Fk.bmp;Nz.bmp;Kz.bmp;Nc.bmp;Ez.bmp;Ho.bmp;Fz.bmp;71;73;4;G;N;F;Z;Z
538;539;Uo.bmp;Ef.bmp;Nf.bmp;Ka.bmp;Ku.bmp;Au.bmp;He.bmp;Ua.bmp;Ko.bmp;50;85;5;L;K;K;U;O
539;540;Ok.bmp;Uk.bmp;Cu.bmp;Hc.bmp;Ma.bmp;Fc.bmp;Oe.bmp;Ec.bmp;Nk.bmp;71;28;2;G;U;N;K;K
540;541;Oh.bmp;Fc.bmp;Ze.bmp;Af.bmp;Na.bmp;Ha.bmp;Ah.bmp;Nu.bmp;On.bmp;50;15;1;L;O;O;H;N
541;542;Fn.bmp;Fu.bmp;Oa.bmp;Eu.bmp;Mf.bmp;Mn.bmp;Uz.bmp;Zn.bmp;Mz.bmp;20;50;7;G;U;M;Z;Z
542;543;Fa.bmp;Uo.bmp;Kf.bmp;Oe.bmp;Fk.bmp;Ca.bmp;Ec.bmp;Hf.bmp;Ha.bmp;50;15;1;G;F;H;A;A
543;544;Zc.bmp;Me.bmp;Mf.bmp;Uc.bmp;Fh.bmp;Mu.bmp;Ue.bmp;Kn.bmp;Mn.bmp;29;73;6;L;M;M;U;N
544;545;Zo.bmp;Hm.bmp;Nm.bmp;Ho.bmp;Eo.bmp;Ah.bmp;Co.bmp;Uc.bmp;Hn.bmp;71;28;2;L;H;H;M;N
545;546;Uh.bmp;Za.bmp;Uz.bmp;Ku.bmp;Cu.bmp;Az.bmp;Zf.bmp;Un.bmp;Ez.bmp;80;50;3;G;U;E;Z;Z
546;547;Ac.bmp;Na.bmp;Cz.bmp;Nk.bmp;Me.bmp;Fn.bmp;Zc.bmp;Mk.bmp;Mz.bmp;80;50;3;G;C;M;Z;Z
547;548;Ak.bmp;Hu.bmp;Am.bmp;Oe.bmp;Nh.bmp;Ze.bmp;Ek.bmp;Cm.bmp;Nc.bmp;50;85;5;L;N;N;H;C
548;549;Mn.bmp;An.bmp;Ho.bmp;Uc.bmp;Zo.bmp;Ez.bmp;Nu.bmp;Om.bmp;Mk.bmp;50;15;1;L;M;M;N;K
549;550;Of.bmp;Hu.bmp;Ah.bmp;Mf.bmp;En.bmp;He.bmp;Ea.bmp;Fo.bmp;Zf.bmp;71;73;4;G;M;Z;F;F
550;551;Ue.bmp;Cn.bmp;Mo.bmp;Hk.bmp;Ch.bmp;Ho.bmp;Fa.bmp;Ez.bmp;Fu.bmp;20;50;7;L;F;F;A;U
551;552;Ah.bmp;Ae.bmp;Ea.bmp;Hf.bmp;Ko.bmp;Om.bmp;Ou.bmp;Ca.bmp;Of.bmp;29;73;6;L;O;O;M;F
552;553;Fz.bmp;Af.bmp;Zk.bmp;Fc.bmp;Hu.bmp;Ec.bmp;Om.bmp;Cn.bmp;Am.bmp;71;28;2;L;A;A;F;M
553;554;Fa.bmp;En.bmp;Kz.bmp;Mk.bmp;Hk.bmp;Fm.bmp;Nf.bmp;Ao.bmp;Zn.bmp;71;28;2;G;E;Z;N;N
554;555;Ao.bmp;Ou.bmp;Hm.bmp;Na.bmp;Uo.bmp;Ah.bmp;Nf.bmp;Uc.bmp;Fa.bmp;71;73;4;G;N;F;A;A
555;556;Oz.bmp;Za.bmp;Uo.bmp;Ha.bmp;Ze.bmp;Hz.bmp;Au.bmp;Am.bmp;Nu.bmp;20;50;7;G;A;N;U;U
556;557;Za.bmp;Ue.bmp;Ef.bmp;Uc.bmp;Hn.bmp;Mn.bmp;Eo.bmp;Nk.bmp;Nf.bmp;80;50;3;G;E;N;F;F
557;558;Fm.bmp;Hz.bmp;Hc.bmp;Cu.bmp;Ua.bmp;Kn.bmp;Oh.bmp;Za.bmp;En.bmp;29;73;6;G;K;E;N;N
558;559;Ua.bmp;Oc.bmp;Fz.bmp;Ma.bmp;Ak.bmp;Nz.bmp;En.bmp;Ce.bmp;Uk.bmp;50;15;1;L;U;U;A;K
559;560;Me.bmp;Zk.bmp;Fa.bmp;Nz.bmp;Na.bmp;Ne.bmp;Of.bmp;Nh.bmp;Uf.bmp;20;50;7;G;O;U;F;F
560;561;Fo.bmp;Kc.bmp;Cu.bmp;Ku.bmp;En.bmp;Oe.bmp;Hc.bmp;Fc.bmp;Fu.bmp;50;15;1;L;F;F;O;U
561;562;Ko.bmp;Fm.bmp;Om.bmp;Nu.bmp;Hf.bmp;Ez.bmp;Mh.bmp;Uh.bmp;No.bmp;71;73;4;L;N;N;U;O
562;563;Ec.bmp;Zf.bmp;Kz.bmp;Am.bmp;Ak.bmp;Ho.bmp;Kn.bmp;Un.bmp;Eo.bmp;29;73;6;G;H;E;O;O
563;564;Fc.bmp;Ua.bmp;Fu.bmp;Nf.bmp;Mc.bmp;Ae.bmp;Nz.bmp;Fn.bmp;Fz.bmp;80;50;3;L;F;F;U;Z
564;565;Mz.bmp;Nk.bmp;Hz.bmp;Fc.bmp;Ok.bmp;Zm.bmp;Hm.bmp;Uf.bmp;Ek.bmp;71;28;2;G;N;E;K;K
565;566;Fz.bmp;Fn.bmp;Km.bmp;Fk.bmp;Kz.bmp;Uo.bmp;Hz.bmp;Uk.bmp;Zm.bmp;80;50;3;G;K;Z;M;M
566;567;Kf.bmp;Oa.bmp;Uz.bmp;He.bmp;Ze.bmp;Hm.bmp;Ec.bmp;Zu.bmp;Kh.bmp;50;15;1;L;K;K;F;H
567;568;Ze.bmp;Hm.bmp;Nc.bmp;Um.bmp;Na.bmp;Oz.bmp;Fz.bmp;Am.bmp;Az.bmp;29;27;8;L;A;A;M;Z
568;569;Za.bmp;Nh.bmp;Oh.bmp;Ak.bmp;Ae.bmp;Fa.bmp;Ku.bmp;Mo.bmp;Ah.bmp;80;50;3;G;O;A;H;H
569;570;Uo.bmp;Ac.bmp;Fh.bmp;Mk.bmp;Ef.bmp;Oe.bmp;Az.bmp;Ha.bmp;Ez.bmp;20;50;7;G;A;E;Z;Z
570;571;Fo.bmp;No.bmp;Uz.bmp;Nz.bmp;Fu.bmp;Uf.bmp;Uk.bmp;Af.bmp;Zo.bmp;71;28;2;G;N;Z;O;O
571;572;Na.bmp;Zk.bmp;Zn.bmp;Zu.bmp;Cn.bmp;Ae.bmp;Hz.bmp;Hc.bmp;He.bmp;20;50;7;L;H;H;Z;E
572;573;Mo.bmp;Ha.bmp;Fh.bmp;Um.bmp;Zu.bmp;Ae.bmp;Om.bmp;Em.bmp;Zk.bmp;50;85;5;L;Z;Z;U;K
573;574;Of.bmp;Mc.bmp;Mn.bmp;Ke.bmp;Em.bmp;He.bmp;Ua.bmp;Ch.bmp;Hn.bmp;80;50;3;G;M;H;N;N
574;575;Of.bmp;Fn.bmp;Hc.bmp;Ka.bmp;Mc.bmp;Fe.bmp;Mn.bmp;En.bmp;Ez.bmp;29;27;8;L;E;E;N;Z
575;576;Kn.bmp;Cm.bmp;Na.bmp;Ak.bmp;Mu.bmp;Cn.bmp;Ck.bmp;Hz.bmp;Ok.bmp;20;50;7;G;C;O;K;K
576;577;Az.bmp;Eo.bmp;An.bmp;Uo.bmp;Me.bmp;Uk.bmp;On.bmp;Kh.bmp;Um.bmp;29;73;6;L;U;U;K;M
577;578;Az.bmp;Za.bmp;Ao.bmp;Ez.bmp;Hu.bmp;Hz.bmp;Ak.bmp;Ha.bmp;Ae.bmp;20;50;7;L;A;A;K;E
578;579;Hk.bmp;Zc.bmp;Me.bmp;Fn.bmp;Kc.bmp;Kh.bmp;Ho.bmp;Eo.bmp;Kz.bmp;29;73;6;L;K;K;H;Z
579;580;Nu.bmp;Ek.bmp;Em.bmp;Ao.bmp;Ec.bmp;Fh.bmp;On.bmp;Ue.bmp;Eo.bmp;80;50;3;L;E;E;M;O
580;581;Mn.bmp;Uk.bmp;Zk.bmp;Uf.bmp;Ah.bmp;Fm.bmp;En.bmp;Na.bmp;Un.bmp;20;50;7;G;E;U;N;N
581;582;Ce.bmp;Nu.bmp;Mu.bmp;Ef.bmp;Zn.bmp;Hn.bmp;Ch.bmp;Kh.bmp;Co.bmp;50;15;1;L;C;C;E;O
582;583;He.bmp;Me.bmp;Ne.bmp;Hn.bmp;Ah.bmp;Oa.bmp;Nz.bmp;Km.bmp;Ue.bmp;71;28;2;G;M;U;E;E
583;584;Fa.bmp;Ef.bmp;Uz.bmp;Eo.bmp;Cf.bmp;Ku.bmp;Af.bmp;Zm.bmp;Nf.bmp;20;50;7;G;A;N;F;F
584;585;Kh.bmp;Kc.bmp;Cz.bmp;Mu.bmp;Km.bmp;Hu.bmp;Uo.bmp;Fh.bmp;Zo.bmp;20;50;7;G;U;Z;O;O
585;586;Kn.bmp;Nf.bmp;En.bmp;Cz.bmp;Ku.bmp;Ua.bmp;Zm.bmp;Em.bmp;Ou.bmp;50;85;5;G;K;O;U;U
586;587;Cz.bmp;Za.bmp;Mh.bmp;Hz.bmp;Fz.bmp;Nz.bmp;Fk.bmp;Ea.bmp;Ck.bmp;20;50;7;G;F;C;K;K
587;588;Af.bmp;Eu.bmp;Ko.bmp;Fc.bmp;Fk.bmp;Mf.bmp;Fo.bmp;Kc.bmp;Uc.bmp;29;27;8;G;K;U;C;C
588;589;Ka.bmp;Ec.bmp;Fc.bmp;Ae.bmp;Zo.bmp;Co.bmp;Hm.bmp;Ko.bmp;Ck.bmp;29;73;6;L;C;C;O;K
589;590;Oe.bmp;Hu.bmp;Ce.bmp;Mn.bmp;Mk.bmp;Kc.bmp;Fh.bmp;Ma.bmp;Me.bmp;50;85;5;L;M;M;K;E
590;591;Ka.bmp;Af.bmp;Ze.bmp;Za.bmp;Hu.bmp;Fo.bmp;Nu.bmp;Nf.bmp;No.bmp;20;50;7;L;N;N;U;O
591;592;No.bmp;Hf.bmp;Cn.bmp;Hk.bmp;Uf.bmp;Of.bmp;Hc.bmp;Eh.bmp;Ec.bmp;29;27;8;L;E;E;H;C
592;593;Zh.bmp;Ek.bmp;Co.bmp;Uf.bmp;Mu.bmp;Kn.bmp;Nm.bmp;Nf.bmp;Cn.bmp;80;50;3;L;C;C;O;N
593;594;Ne.bmp;Mu.bmp;Cu.bmp;Fe.bmp;Oc.bmp;Um.bmp;Ce.bmp;Om.bmp;Nf.bmp;50;15;1;L;N;N;E;F
594;595;Mh.bmp;Ce.bmp;Uh.bmp;Kc.bmp;Ou.bmp;Kn.bmp;Zm.bmp;On.bmp;Nh.bmp;80;50;3;G;U;N;H;H
595;596;Oc.bmp;Eh.bmp;Of.bmp;Hf.bmp;Fe.bmp;No.bmp;Ho.bmp;Fk.bmp;Kc.bmp;50;15;1;G;O;K;C;C
596;597;Zn.bmp;Zk.bmp;Ho.bmp;Fh.bmp;Ce.bmp;En.bmp;Am.bmp;On.bmp;Kn.bmp;50;15;1;G;Z;K;N;N
597;598;Kh.bmp;Hc.bmp;Ua.bmp;Af.bmp;Uc.bmp;Zo.bmp;Ec.bmp;Ue.bmp;Eo.bmp;20;50;7;L;E;E;C;O
598;599;Om.bmp;Mk.bmp;Nc.bmp;Ch.bmp;Au.bmp;Ne.bmp;Ke.bmp;Fe.bmp;Kf.bmp;20;50;7;L;K;K;E;F
599;600;Nf.bmp;Nu.bmp;Oh.bmp;Kn.bmp;Fo.bmp;Uh.bmp;Ma.bmp;Zm.bmp;Ua.bmp;20;50;7;G;M;U;A;A
600;601;Ne.bmp;Ka.bmp;Nm.bmp;Ca.bmp;Uf.bmp;Kf.bmp;Uk.bmp;Ef.bmp;Ma.bmp;71;73;4;G;C;M;A;A
601;602;Fo.bmp;Ka.bmp;Mz.bmp;Kz.bmp;Mc.bmp;Ku.bmp;Cf.bmp;Oh.bmp;Ke.bmp;71;28;2;L;K;K;A;E
602;603;Am.bmp;Zh.bmp;Oc.bmp;Mf.bmp;Ak.bmp;Nu.bmp;Ok.bmp;Uo.bmp;Fm.bmp;50;15;1;G;A;F;M;M
603;604;Ao.bmp;Fh.bmp;Am.bmp;Of.bmp;Ka.bmp;Ce.bmp;Uz.bmp;Fk.bmp;Ue.bmp;29;73;6;G;C;U;E;E
604;605;Mu.bmp;Uc.bmp;Mk.bmp;Ao.bmp;Ah.bmp;Ua.bmp;Oz.bmp;Fm.bmp;Mc.bmp;80;50;3;L;M;M;K;C
605;606;Ac.bmp;Af.bmp;Fh.bmp;Am.bmp;Kf.bmp;Of.bmp;Hk.bmp;Mu.bmp;Ae.bmp;71;28;2;L;A;A;F;E
606;607;Ha.bmp;Fe.bmp;Uf.bmp;Hf.bmp;Co.bmp;Hz.bmp;Za.bmp;Oa.bmp;Hk.bmp;71;73;4;L;H;H;F;K
607;608;Hk.bmp;Ao.bmp;Fz.bmp;Ue.bmp;Of.bmp;Hm.bmp;Nu.bmp;Fe.bmp;Hf.bmp;50;85;5;G;O;H;F;F
608;609;Uk.bmp;Zm.bmp;Kc.bmp;Cn.bmp;Mn.bmp;On.bmp;Nm.bmp;Mh.bmp;Eh.bmp;29;27;8;G;M;E;H;H
609;610;Zu.bmp;Ka.bmp;Cu.bmp;Au.bmp;Ho.bmp;Mn.bmp;Kz.bmp;Ek.bmp;Hk.bmp;50;85;5;L;H;H;O;K
610;611;Zu.bmp;Az.bmp;Ue.bmp;Eu.bmp;Eo.bmp;Mk.bmp;Ea.bmp;Uz.bmp;Za.bmp;20;50;7;G;E;Z;A;A
611;612;Ou.bmp;Ze.bmp;Fz.bmp;Ha.bmp;Mu.bmp;Eo.bmp;Fm.bmp;Eu.bmp;Zm.bmp;71;28;2;L;Z;Z;E;M
612;613;Cz.bmp;Ea.bmp;Ef.bmp;Cu.bmp;Nh.bmp;Nf.bmp;Ue.bmp;Mh.bmp;Mn.bmp;29;27;8;L;M;M;H;N
613;614;Mf.bmp;Za.bmp;Fk.bmp;Mo.bmp;Fu.bmp;Eo.bmp;Fz.bmp;Uz.bmp;Mk.bmp;80;50;3;G;F;M;K;K
614;615;An.bmp;Mo.bmp;Fc.bmp;Ch.bmp;Zf.bmp;Am.bmp;Ou.bmp;En.bmp;Nf.bmp;50;85;5;G;Z;N;F;F
615;616;Oc.bmp;Hk.bmp;Ha.bmp;Au.bmp;Kc.bmp;He.bmp;Fe.bmp;Cu.bmp;Ae.bmp;20;50;7;G;F;A;E;E
616;617;Eu.bmp;Kh.bmp;Mu.bmp;Nm.bmp;Of.bmp;Zc.bmp;Fa.bmp;Fu.bmp;Au.bmp;50;15;1;G;E;A;U;U
617;618;Oh.bmp;Cu.bmp;Nz.bmp;En.bmp;Km.bmp;Mn.bmp;Fu.bmp;Ch.bmp;Kn.bmp;29;73;6;G;M;K;N;N
618;619;Hz.bmp;Oc.bmp;Fu.bmp;Ah.bmp;Ma.bmp;Zc.bmp;Mn.bmp;Fo.bmp;Az.bmp;71;73;4;L;A;A;H;Z
619;620;Ne.bmp;Ck.bmp;Fh.bmp;Uk.bmp;Uc.bmp;Oz.bmp;Az.bmp;Ef.bmp;Eh.bmp;29;27;8;L;E;E;F;H
620;621;Hu.bmp;Nc.bmp;Eh.bmp;Ce.bmp;Ne.bmp;He.bmp;Uo.bmp;Kz.bmp;Fz.bmp;29;27;8;G;K;F;Z;Z
621;622;Cz.bmp;Zo.bmp;Cm.bmp;Fk.bmp;Au.bmp;Ef.bmp;Fn.bmp;Ez.bmp;Zf.bmp;29;73;6;G;E;Z;F;F
622;623;Oc.bmp;Cf.bmp;Fn.bmp;Km.bmp;Ae.bmp;Af.bmp;Ah.bmp;Ak.bmp;Mn.bmp;80;50;3;G;F;M;N;N
623;624;Fa.bmp;Ez.bmp;Uz.bmp;On.bmp;Mu.bmp;Kc.bmp;Am.bmp;Fo.bmp;Hu.bmp;50;85;5;G;M;H;U;U
624;625;Uh.bmp;Uk.bmp;Zm.bmp;Ae.bmp;Ce.bmp;Ok.bmp;Nc.bmp;Eo.bmp;Uc.bmp;20;50;7;G;N;U;C;C
625;626;Ka.bmp;Oz.bmp;Nh.bmp;Eu.bmp;Zh.bmp;No.bmp;Hm.bmp;Ec.bmp;Ez.bmp;29;27;8;L;E;E;C;Z
626;627;Nm.bmp;Nf.bmp;Fe.bmp;Ha.bmp;Zo.bmp;Ce.bmp;Nk.bmp;Am.bmp;Nc.bmp;50;15;1;L;N;N;M;C
627;628;Ef.bmp;Co.bmp;Of.bmp;Om.bmp;Fu.bmp;He.bmp;Ch.bmp;Eh.bmp;Cn.bmp;20;50;7;L;C;C;H;N
628;629;Cm.bmp;Ak.bmp;Ck.bmp;Kf.bmp;Nz.bmp;Au.bmp;Nf.bmp;Uo.bmp;Co.bmp;50;15;1;L;C;C;M;O
629;630;Zn.bmp;Nf.bmp;Un.bmp;Zm.bmp;Fz.bmp;Au.bmp;Nu.bmp;Ok.bmp;Nc.bmp;71;28;2;L;N;N;F;C
630;631;Ko.bmp;Uo.bmp;Ma.bmp;Fe.bmp;Ef.bmp;Eo.bmp;Zf.bmp;Hc.bmp;Nc.bmp;29;27;8;G;H;N;C;C
631;632;Zu.bmp;Na.bmp;On.bmp;Fn.bmp;Of.bmp;Ca.bmp;Ef.bmp;Hc.bmp;Hf.bmp;20;50;7;G;E;H;F;F
632;633;Hm.bmp;Ku.bmp;Zk.bmp;Nk.bmp;Km.bmp;Cm.bmp;Nz.bmp;Fh.bmp;Mk.bmp;80;50;3;G;Z;M;K;K
633;634;Hz.bmp;Ze.bmp;Cn.bmp;Kn.bmp;Na.bmp;Hm.bmp;Oz.bmp;Zc.bmp;Oc.bmp;29;27;8;G;Z;O;C;C
634;635;Ec.bmp;Zk.bmp;Uc.bmp;Ka.bmp;An.bmp;Mf.bmp;Oc.bmp;Mc.bmp;Mn.bmp;29;27;8;L;M;M;C;N
635;636;Mf.bmp;Az.bmp;Ou.bmp;Nz.bmp;Eo.bmp;Hk.bmp;Nm.bmp;Mh.bmp;Em.bmp;50;85;5;L;E;E;O;M
636;637;Hu.bmp;Nc.bmp;Ua.bmp;Ao.bmp;Mz.bmp;Am.bmp;Ze.bmp;Zu.bmp;Eo.bmp;71;73;4;G;A;E;O;O
637;638;Fk.bmp;Of.bmp;He.bmp;Fz.bmp;Oh.bmp;Zc.bmp;Eo.bmp;Ce.bmp;Ok.bmp;50;15;1;G;F;O;K;K
638;639;Ce.bmp;Eh.bmp;Of.bmp;Hm.bmp;Nc.bmp;Kh.bmp;Nf.bmp;Hf.bmp;Oe.bmp;80;50;3;L;O;O;F;E
639;640;Om.bmp;Nh.bmp;Fm.bmp;Ek.bmp;Mz.bmp;Uz.bmp;Oh.bmp;Zh.bmp;Fh.bmp;80;50;3;L;F;F;M;H
640;641;Hz.bmp;Of.bmp;Oc.bmp;On.bmp;Az.bmp;Eu.bmp;Eh.bmp;Ou.bmp;Oe.bmp;71;28;2;L;O;O;F;E
641;642;Oh.bmp;Uk.bmp;Kh.bmp;Cm.bmp;He.bmp;Ak.bmp;Kn.bmp;Cf.bmp;Ke.bmp;20;50;7;L;K;K;N;E
642;643;Am.bmp;Kh.bmp;Fc.bmp;Ou.bmp;Mc.bmp;Fe.bmp;Mz.bmp;Cm.bmp;Fa.bmp;29;73;6;L;F;F;E;A
643;644;Ah.bmp;Kn.bmp;Nm.bmp;Za.bmp;Ka.bmp;Fz.bmp;Oh.bmp;Zh.bmp;Eh.bmp;50;15;1;G;A;E;H;H
644;645;Ho.bmp;Fh.bmp;Oz.bmp;Mc.bmp;Mn.bmp;Hf.bmp;Na.bmp;Em.bmp;Hm.bmp;29;73;6;L;H;H;F;M
645;646;Eh.bmp;Mo.bmp;Zu.bmp;Co.bmp;Om.bmp;Ah.bmp;Fo.bmp;Ek.bmp;Hu.bmp;80;50;3;G;Z;H;U;U
646;647;Ez.bmp;Fo.bmp;Ok.bmp;Kf.bmp;Ao.bmp;Nc.bmp;Fe.bmp;Mk.bmp;Ce.bmp;20;50;7;G;F;C;E;E
647;648;Oe.bmp;Fo.bmp;Kc.bmp;Uh.bmp;Mo.bmp;Ua.bmp;Ko.bmp;Ek.bmp;Ho.bmp;71;28;2;G;F;H;O;O
648;649;Nf.bmp;Ne.bmp;Ku.bmp;Km.bmp;Uf.bmp;Hu.bmp;Kc.bmp;Hc.bmp;Hf.bmp;50;15;1;G;N;H;F;F
649;650;Az.bmp;Oz.bmp;Eu.bmp;Fc.bmp;Ne.bmp;Ue.bmp;Uo.bmp;Oe.bmp;Ez.bmp;71;28;2;G;O;E;Z;Z
650;651;Oe.bmp;Fu.bmp;Ac.bmp;Om.bmp;Fk.bmp;Ef.bmp;Ea.bmp;Ze.bmp;Of.bmp;50;15;1;L;O;O;E;F
651;652;Hk.bmp;Co.bmp;Nu.bmp;Ma.bmp;Zm.bmp;Uc.bmp;Za.bmp;Zu.bmp;Ha.bmp;50;15;1;L;H;H;K;A
652;653;Hu.bmp;Eo.bmp;Me.bmp;Ua.bmp;Ck.bmp;Zn.bmp;Kn.bmp;Eu.bmp;Ko.bmp;20;50;7;L;K;K;N;O
653;654;Mk.bmp;Ef.bmp;Nz.bmp;Oz.bmp;Me.bmp;Un.bmp;Uf.bmp;Fm.bmp;Ne.bmp;50;85;5;G;M;N;E;E
654;655;Ca.bmp;No.bmp;Zk.bmp;Ef.bmp;Fo.bmp;Ha.bmp;Cm.bmp;Fz.bmp;Ka.bmp;50;15;1;G;C;K;A;A
655;656;Mz.bmp;Oc.bmp;Oe.bmp;Ea.bmp;Ch.bmp;Me.bmp;Fu.bmp;Ek.bmp;Ka.bmp;71;73;4;G;E;K;A;A
656;657;An.bmp;Kc.bmp;Oh.bmp;Fm.bmp;Km.bmp;Az.bmp;Kn.bmp;Uk.bmp;Ek.bmp;29;27;8;G;U;E;K;K
657;658;Ak.bmp;Ze.bmp;Mz.bmp;Nu.bmp;Ne.bmp;Cf.bmp;Kz.bmp;Um.bmp;Cz.bmp;29;73;6;L;C;C;F;Z
658;659;Nu.bmp;Ce.bmp;Oc.bmp;Em.bmp;Ku.bmp;Fc.bmp;Zh.bmp;Hf.bmp;He.bmp;71;28;2;G;C;H;E;E
659;660;Nz.bmp;Ec.bmp;Un.bmp;Nf.bmp;Za.bmp;Of.bmp;Uc.bmp;Oz.bmp;Ef.bmp;29;73;6;G;O;E;F;F
660;661;Oa.bmp;Am.bmp;Hu.bmp;Ou.bmp;Kn.bmp;He.bmp;Za.bmp;Nz.bmp;Oh.bmp;50;15;1;L;O;O;A;H
661;662;Fc.bmp;Km.bmp;Zh.bmp;Ko.bmp;Ec.bmp;Zn.bmp;Am.bmp;Cf.bmp;Uc.bmp;50;15;1;G;F;U;C;C
662;663;Ak.bmp;Ca.bmp;Oh.bmp;Zu.bmp;Uk.bmp;Fa.bmp;Mn.bmp;Zk.bmp;Kn.bmp;20;50;7;G;M;K;N;N
663;664;Fn.bmp;Ca.bmp;Hf.bmp;Ce.bmp;Fa.bmp;Nc.bmp;Oz.bmp;Fh.bmp;Fc.bmp;29;73;6;G;N;F;C;C
664;665;Mz.bmp;Eo.bmp;Au.bmp;Cu.bmp;Mf.bmp;Am.bmp;Oa.bmp;Oe.bmp;Nz.bmp;50;15;1;G;M;N;Z;Z
665;666;Oe.bmp;Um.bmp;Cu.bmp;Of.bmp;Zk.bmp;Mk.bmp;Ke.bmp;Hf.bmp;Mu.bmp;80;50;3;G;C;M;U;U
666;667;Mn.bmp;Eo.bmp;Ku.bmp;Uc.bmp;Zn.bmp;Oz.bmp;Kc.bmp;Cu.bmp;Uo.bmp;71;28;2;G;E;U;O;O
667;668;Zm.bmp;Hu.bmp;Am.bmp;Fe.bmp;Zu.bmp;Kn.bmp;Um.bmp;Cf.bmp;Af.bmp;29;27;8;G;C;A;F;F
668;669;Fn.bmp;Ko.bmp;Un.bmp;Ck.bmp;No.bmp;Oh.bmp;Zm.bmp;Km.bmp;Fk.bmp;71;73;4;G;C;F;K;K
669;670;Oc.bmp;Ma.bmp;Kc.bmp;Za.bmp;Zo.bmp;Af.bmp;Fe.bmp;Nh.bmp;Fa.bmp;71;73;4;G;Z;F;A;A
670;671;Ek.bmp;Ho.bmp;No.bmp;Cm.bmp;Fu.bmp;Oh.bmp;Ch.bmp;Fe.bmp;Om.bmp;29;73;6;L;O;O;H;M
671;672;Fz.bmp;Eh.bmp;Cf.bmp;Ak.bmp;Ma.bmp;Nk.bmp;Hf.bmp;Hm.bmp;Nf.bmp;80;50;3;G;C;N;F;F
672;673;Hc.bmp;Uk.bmp;Hk.bmp;Uo.bmp;Fc.bmp;Ea.bmp;Uz.bmp;Ec.bmp;Na.bmp;29;73;6;G;E;N;A;A
673;674;Ua.bmp;Mf.bmp;Au.bmp;Em.bmp;Cf.bmp;Uo.bmp;Kf.bmp;Hn.bmp;Ca.bmp;50;15;1;G;U;C;A;A
674;675;An.bmp;Kc.bmp;Zm.bmp;Hk.bmp;Af.bmp;Um.bmp;Ak.bmp;Uf.bmp;Au.bmp;20;50;7;L;A;A;K;U
675;676;Ok.bmp;On.bmp;Cf.bmp;Mu.bmp;Fa.bmp;Hm.bmp;Ho.bmp;Ac.bmp;Ah.bmp;29;27;8;L;A;A;C;H
676;677;Ck.bmp;Oh.bmp;Fe.bmp;Ak.bmp;Nf.bmp;Km.bmp;Ah.bmp;Cz.bmp;Af.bmp;20;50;7;L;A;A;H;F
677;678;Nk.bmp;Fe.bmp;Ea.bmp;Em.bmp;Ez.bmp;Kz.bmp;Fu.bmp;Ek.bmp;Ka.bmp;80;50;3;G;E;K;A;A
678;679;Cm.bmp;Ze.bmp;Ea.bmp;Ch.bmp;Ah.bmp;Ko.bmp;Fm.bmp;Uc.bmp;Zo.bmp;29;73;6;G;K;Z;O;O
679;680;Nc.bmp;Ao.bmp;Uz.bmp;Oc.bmp;Ec.bmp;Oe.bmp;Km.bmp;Fu.bmp;Cu.bmp;29;27;8;G;F;C;U;U
680;681;Hk.bmp;Kn.bmp;Au.bmp;Km.bmp;Of.bmp;Ao.bmp;Ae.bmp;Uo.bmp;Ku.bmp;71;28;2;L;K;K;N;U
681;682;Eu.bmp;Mn.bmp;Ok.bmp;Af.bmp;Oz.bmp;Cf.bmp;Zc.bmp;Zk.bmp;Uf.bmp;71;73;4;G;A;U;F;F
682;683;Ua.bmp;Ek.bmp;Mo.bmp;Hz.bmp;Uc.bmp;Oe.bmp;Ue.bmp;Cm.bmp;Am.bmp;29;27;8;G;C;A;M;M
683;684;Ck.bmp;On.bmp;Nh.bmp;Zn.bmp;Ak.bmp;Fm.bmp;Cf.bmp;Hf.bmp;Uk.bmp;50;85;5;G;A;U;K;K
684;685;Nk.bmp;Mz.bmp;Ck.bmp;Am.bmp;Nc.bmp;Cu.bmp;Ho.bmp;Hm.bmp;Ao.bmp;71;73;4;L;A;A;M;O
685;686;Zk.bmp;Ah.bmp;Uf.bmp;Mn.bmp;Uo.bmp;Zh.bmp;Za.bmp;Oa.bmp;Nh.bmp;71;28;2;G;A;N;H;H
686;687;En.bmp;Cf.bmp;Uc.bmp;Mo.bmp;Oe.bmp;Ch.bmp;Fm.bmp;Nc.bmp;Ca.bmp;71;28;2;L;C;C;F;A
687;688;En.bmp;Fo.bmp;Fm.bmp;Uo.bmp;Of.bmp;Nf.bmp;Mz.bmp;Zk.bmp;Zc.bmp;29;27;8;L;Z;Z;K;C
688;689;Cm.bmp;Kz.bmp;Oh.bmp;Cf.bmp;Ke.bmp;Um.bmp;Fk.bmp;Ae.bmp;Hz.bmp;71;28;2;G;K;H;Z;Z
689;690;Fo.bmp;On.bmp;Kh.bmp;Ck.bmp;Oh.bmp;Hn.bmp;Zf.bmp;Ou.bmp;Ah.bmp;80;50;3;G;K;A;H;H
690;691;Mz.bmp;Zc.bmp;Eh.bmp;Ae.bmp;Oc.bmp;Af.bmp;Kc.bmp;Um.bmp;Nz.bmp;50;15;1;G;M;N;Z;Z
691;692;Hm.bmp;Na.bmp;Em.bmp;Eu.bmp;Eh.bmp;Cm.bmp;En.bmp;Fc.bmp;Kc.bmp;29;27;8;G;F;K;C;C
692;693;Kh.bmp;Ck.bmp;Fo.bmp;En.bmp;Ze.bmp;Eo.bmp;Uz.bmp;Uh.bmp;Ke.bmp;50;85;5;G;Z;K;E;E
693;694;Zn.bmp;Ac.bmp;An.bmp;Ez.bmp;Ho.bmp;Cm.bmp;Oz.bmp;Hu.bmp;Mn.bmp;50;15;1;G;Z;M;N;N
694;695;Co.bmp;Zo.bmp;Cn.bmp;Oc.bmp;Ue.bmp;Mk.bmp;Oh.bmp;Uh.bmp;Fo.bmp;71;28;2;G;Z;F;O;O
695;696;Eu.bmp;Me.bmp;On.bmp;Om.bmp;Oe.bmp;Hm.bmp;Nm.bmp;He.bmp;Am.bmp;20;50;7;G;N;A;M;M
696;697;Uk.bmp;Zk.bmp;Eh.bmp;Uh.bmp;Ce.bmp;Zh.bmp;Mo.bmp;Mf.bmp;Mc.bmp;20;50;7;L;M;M;O;C
697;698;Cf.bmp;Ou.bmp;Kh.bmp;Ok.bmp;On.bmp;Oz.bmp;Km.bmp;Um.bmp;Kz.bmp;80;50;3;L;K;K;H;Z
698;699;On.bmp;Zf.bmp;Mk.bmp;Hu.bmp;Kh.bmp;Ca.bmp;Fa.bmp;Ah.bmp;Ho.bmp;71;73;4;L;H;H;U;O
699;700;Mn.bmp;Zk.bmp;Fz.bmp;Za.bmp;He.bmp;Fh.bmp;Me.bmp;Fa.bmp;Mk.bmp;50;15;1;L;M;M;N;K
700;701;Hf.bmp;Kn.bmp;Ka.bmp;Zm.bmp;Kc.bmp;Ao.bmp;Nh.bmp;Km.bmp;Ke.bmp;29;27;8;L;K;K;M;E
701;702;Kn.bmp;Am.bmp;Zo.bmp;Mh.bmp;Ac.bmp;He.bmp;Nf.bmp;On.bmp;Oz.bmp;29;27;8;L;O;O;N;Z
702;703;Ha.bmp;Zo.bmp;Kh.bmp;Eo.bmp;Ak.bmp;Am.bmp;Fn.bmp;Me.bmp;Cn.bmp;20;50;7;G;F;C;N;N
703;704;Em.bmp;He.bmp;Hf.bmp;Um.bmp;Uo.bmp;Az.bmp;Ha.bmp;Oh.bmp;Ka.bmp;20;50;7;G;H;K;A;A
704;705;Zf.bmp;Mf.bmp;Fc.bmp;Kz.bmp;Cn.bmp;Ce.bmp;Oh.bmp;Ka.bmp;Ku.bmp;71;73;4;L;K;K;Z;U
705;706;Zk.bmp;Km.bmp;Fk.bmp;Hf.bmp;Ef.bmp;Ne.bmp;Ka.bmp;Ck.bmp;Eu.bmp;50;85;5;L;E;E;F;U
706;707;Em.bmp;Zc.bmp;Zh.bmp;Um.bmp;Kc.bmp;Au.bmp;Ce.bmp;Mc.bmp;Eu.bmp;50;15;1;L;E;E;M;U
707;708;Nh.bmp;Ha.bmp;No.bmp;Ze.bmp;Ku.bmp;Zn.bmp;Ek.bmp;Kh.bmp;Zu.bmp;29;73;6;L;Z;Z;N;U
708;709;Om.bmp;Af.bmp;Co.bmp;Ko.bmp;Cf.bmp;Ka.bmp;Nz.bmp;Ch.bmp;Oa.bmp;50;15;1;L;O;O;M;A
709;710;Zc.bmp;Mn.bmp;Em.bmp;Nc.bmp;Uz.bmp;Ao.bmp;Fn.bmp;Am.bmp;Kn.bmp;20;50;7;G;F;K;N;N
710;711;Fk.bmp;Oa.bmp;Az.bmp;Zk.bmp;Om.bmp;Mu.bmp;Ao.bmp;Eu.bmp;Eh.bmp;29;27;8;L;E;E;U;H
711;712;Hc.bmp;Fm.bmp;Ka.bmp;Ze.bmp;Me.bmp;Af.bmp;Ku.bmp;Fe.bmp;Nf.bmp;29;73;6;G;A;N;F;F
712;713;Uk.bmp;Oc.bmp;On.bmp;Zn.bmp;Un.bmp;Co.bmp;Ce.bmp;Ne.bmp;Me.bmp;29;27;8;G;N;M;E;E
713;714;Hu.bmp;Me.bmp;Fz.bmp;Ku.bmp;An.bmp;Mz.bmp;Nz.bmp;Nu.bmp;Fc.bmp;80;50;3;L;F;F;Z;C
714;715;Zk.bmp;Kn.bmp;Un.bmp;Co.bmp;Of.bmp;Zo.bmp;Af.bmp;Zu.bmp;Um.bmp;80;50;3;L;U;U;N;M
715;716;Fk.bmp;Nf.bmp;Zc.bmp;Hz.bmp;Au.bmp;Oz.bmp;Hn.bmp;Cz.bmp;Fo.bmp;50;15;1;L;F;F;K;O
716;717;Mf.bmp;Nz.bmp;Kn.bmp;Kh.bmp;Kf.bmp;Cf.bmp;Fe.bmp;Ha.bmp;Ck.bmp;29;73;6;L;C;C;F;K
717;718;Un.bmp;Ko.bmp;Co.bmp;Uz.bmp;Kn.bmp;Eu.bmp;Hf.bmp;Ma.bmp;On.bmp;50;15;1;G;U;O;N;N
718;719;Fm.bmp;Oc.bmp;Kz.bmp;Zk.bmp;Ea.bmp;Ne.bmp;Kh.bmp;Eo.bmp;Ek.bmp;71;73;4;G;Z;E;K;K
719;720;Hk.bmp;Kh.bmp;Uk.bmp;Ca.bmp;Nh.bmp;Ao.bmp;Uf.bmp;Fu.bmp;Mh.bmp;50;85;5;G;N;M;H;H
720;721;Hf.bmp;Hu.bmp;Ku.bmp;Nu.bmp;Ze.bmp;No.bmp;Nc.bmp;Uh.bmp;Um.bmp;29;27;8;L;U;U;H;M
721;722;Ma.bmp;Zo.bmp;Nh.bmp;Ea.bmp;Za.bmp;Mh.bmp;Az.bmp;Zk.bmp;Eh.bmp;80;50;3;G;N;E;H;H
722;723;Zh.bmp;Fh.bmp;Ao.bmp;Uk.bmp;Oz.bmp;Fc.bmp;Ah.bmp;Mc.bmp;Nh.bmp;20;50;7;G;A;N;H;H
723;724;Nf.bmp;Uh.bmp;Nh.bmp;Az.bmp;Hu.bmp;Na.bmp;Zn.bmp;Ua.bmp;On.bmp;20;50;7;G;Z;O;N;N
724;725;Kz.bmp;Ue.bmp;Of.bmp;Hm.bmp;Uc.bmp;Ac.bmp;Em.bmp;Fa.bmp;Cm.bmp;71;73;4;G;H;C;M;M
725;726;Uc.bmp;Nm.bmp;Ke.bmp;Mu.bmp;Co.bmp;Ok.bmp;Zh.bmp;Um.bmp;Uh.bmp;20;50;7;G;Z;U;H;H
726;727;Ne.bmp;Mc.bmp;Ae.bmp;Km.bmp;Ha.bmp;Zm.bmp;On.bmp;Zo.bmp;Ke.bmp;50;15;1;G;N;K;E;E
727;728;Zh.bmp;Cf.bmp;Ho.bmp;Ma.bmp;Eo.bmp;Nm.bmp;Zn.bmp;Cn.bmp;Om.bmp;29;73;6;G;N;O;M;M
728;729;Nm.bmp;Uo.bmp;Ha.bmp;Ch.bmp;Zn.bmp;Ka.bmp;Zf.bmp;Ae.bmp;Cm.bmp;71;73;4;L;C;C;H;M
729;730;Cu.bmp;Mc.bmp;Oc.bmp;Cz.bmp;Ok.bmp;Cn.bmp;Mh.bmp;Ak.bmp;Uh.bmp;20;50;7;G;M;U;H;H
730;731;Hk.bmp;Kc.bmp;Fo.bmp;Fc.bmp;Ae.bmp;Ma.bmp;Mh.bmp;Ah.bmp;Fu.bmp;71;73;4;L;F;F;C;U
731;732;Mo.bmp;Ho.bmp;Hn.bmp;Km.bmp;Zh.bmp;Zm.bmp;Uz.bmp;Mn.bmp;Mk.bmp;50;15;1;L;M;M;O;K
732;733;Kh.bmp;Mk.bmp;Nh.bmp;On.bmp;No.bmp;Ch.bmp;Cm.bmp;Zk.bmp;Zn.bmp;29;27;8;L;Z;Z;K;N
733;734;Nz.bmp;Au.bmp;Nf.bmp;Ne.bmp;Ou.bmp;Uz.bmp;Oa.bmp;Om.bmp;Oz.bmp;50;85;5;L;O;O;U;Z
734;735;Hm.bmp;Ko.bmp;Un.bmp;Mz.bmp;Nh.bmp;Hk.bmp;Uc.bmp;Uk.bmp;Kf.bmp;71;28;2;L;K;K;O;F
735;736;Fz.bmp;Oc.bmp;Zo.bmp;Uf.bmp;Eu.bmp;Ha.bmp;Mn.bmp;Ah.bmp;Nz.bmp;50;15;1;G;F;N;Z;Z
736;737;Hz.bmp;Nf.bmp;Kn.bmp;Oe.bmp;Ka.bmp;Oa.bmp;Ao.bmp;Hf.bmp;Hc.bmp;29;27;8;L;H;H;F;C
737;738;Uh.bmp;Oe.bmp;Fu.bmp;Kc.bmp;Fe.bmp;Ez.bmp;Un.bmp;Em.bmp;Cz.bmp;29;73;6;G;E;C;Z;Z
738;739;He.bmp;Fz.bmp;Nm.bmp;Cm.bmp;Mk.bmp;Un.bmp;Co.bmp;Uo.bmp;Hu.bmp;50;15;1;L;H;H;E;U
739;740;Az.bmp;Ek.bmp;Cz.bmp;Uf.bmp;Hu.bmp;Ac.bmp;Ef.bmp;Fm.bmp;Zu.bmp;50;85;5;G;H;Z;U;U
740;741;Un.bmp;Kn.bmp;Oe.bmp;Uk.bmp;Ca.bmp;Eo.bmp;Cu.bmp;Ka.bmp;Ea.bmp;50;85;5;G;C;E;A;A
741;742;Ez.bmp;Cz.bmp;Zc.bmp;Mz.bmp;Um.bmp;Cf.bmp;He.bmp;An.bmp;Az.bmp;29;27;8;L;A;A;N;Z
742;743;Fu.bmp;Kn.bmp;Ha.bmp;Km.bmp;Ae.bmp;Mc.bmp;Au.bmp;Af.bmp;Ne.bmp;50;85;5;G;A;N;E;E
743;744;Hn.bmp;Oe.bmp;Hz.bmp;Nf.bmp;Hf.bmp;Ou.bmp;Zc.bmp;Ok.bmp;Nk.bmp;71;73;4;L;N;N;F;K
744;745;Ac.bmp;Hk.bmp;Mz.bmp;Ma.bmp;Oh.bmp;Uc.bmp;Eh.bmp;Uk.bmp;Ha.bmp;71;28;2;L;H;H;K;A
745;746;Mh.bmp;Nc.bmp;Hz.bmp;Mu.bmp;Kz.bmp;Of.bmp;Ne.bmp;Ao.bmp;Ok.bmp;29;73;6;L;O;O;F;K
746;747;Em.bmp;Ea.bmp;Un.bmp;Fc.bmp;Am.bmp;Uc.bmp;Of.bmp;Na.bmp;On.bmp;20;50;7;L;O;O;F;N
747;748;Nc.bmp;Ak.bmp;Oh.bmp;Mz.bmp;Ko.bmp;Un.bmp;Eh.bmp;Za.bmp;Ze.bmp;29;27;8;L;Z;Z;A;E
748;749;Hf.bmp;Na.bmp;Zm.bmp;Zc.bmp;Uc.bmp;Ch.bmp;Nh.bmp;Cn.bmp;Uf.bmp;50;85;5;L;U;U;C;F
749;750;Ec.bmp;Hz.bmp;Km.bmp;Em.bmp;Of.bmp;Cu.bmp;Cf.bmp;Nz.bmp;Uc.bmp;50;15;1;G;E;U;C;C
750;751;Ma.bmp;Mn.bmp;Uc.bmp;Kn.bmp;Zm.bmp;Am.bmp;Ao.bmp;Ae.bmp;Um.bmp;50;85;5;G;Z;U;M;M
751;752;En.bmp;Zc.bmp;Au.bmp;Ok.bmp;Ek.bmp;Cf.bmp;Nu.bmp;Eo.bmp;Fn.bmp;50;15;1;G;E;F;N;N
752;753;Za.bmp;Nh.bmp;Ze.bmp;An.bmp;Ou.bmp;Na.bmp;Az.bmp;Fk.bmp;Au.bmp;20;50;7;L;A;A;Z;U
753;754;Nk.bmp;Na.bmp;Ca.bmp;Mu.bmp;Em.bmp;Zo.bmp;Ho.bmp;Cn.bmp;Eu.bmp;71;73;4;G;M;E;U;U
754;755;Zf.bmp;Oe.bmp;Kf.bmp;Mu.bmp;Ec.bmp;Ke.bmp;Ch.bmp;Uc.bmp;Ac.bmp;29;27;8;G;U;A;C;C
755;756;Nh.bmp;Ac.bmp;Ou.bmp;Ha.bmp;Mf.bmp;Uf.bmp;Nu.bmp;Ma.bmp;Au.bmp;80;50;3;G;O;A;U;U
756;757;Ku.bmp;Fz.bmp;Fe.bmp;Cf.bmp;Oc.bmp;Ok.bmp;Za.bmp;Ez.bmp;Zf.bmp;20;50;7;L;Z;Z;A;F
757;758;Kc.bmp;Uh.bmp;Uc.bmp;No.bmp;Ak.bmp;Eo.bmp;Zm.bmp;Mn.bmp;Eh.bmp;71;28;2;G;U;E;H;H
758;759;Fh.bmp;Oh.bmp;Oc.bmp;Fk.bmp;Ha.bmp;Eh.bmp;Zh.bmp;Ck.bmp;Ze.bmp;20;50;7;L;Z;Z;H;E
759;760;Fn.bmp;Oz.bmp;Af.bmp;Kz.bmp;Zm.bmp;Kc.bmp;Ka.bmp;Ha.bmp;Ma.bmp;20;50;7;G;K;M;A;A
760;761;Me.bmp;Zc.bmp;On.bmp;Ko.bmp;Eu.bmp;Cm.bmp;Ka.bmp;Ku.bmp;No.bmp;71;73;4;G;K;N;O;O
761;762;Eh.bmp;Ue.bmp;Hm.bmp;Az.bmp;Hf.bmp;Kn.bmp;Ez.bmp;Km.bmp;Eu.bmp;20;50;7;L;E;E;Z;U
762;763;Um.bmp;Kh.bmp;Af.bmp;Kc.bmp;Nf.bmp;Ne.bmp;Ck.bmp;Me.bmp;Nh.bmp;50;85;5;L;N;N;F;H
763;764;Am.bmp;Nm.bmp;Oe.bmp;Mk.bmp;Zn.bmp;Zm.bmp;Mh.bmp;Uk.bmp;Ch.bmp;20;50;7;G;M;C;H;H
764;765;Ua.bmp;Mn.bmp;Cu.bmp;Hk.bmp;Nm.bmp;Om.bmp;Kn.bmp;Kz.bmp;Ck.bmp;71;73;4;G;H;C;K;K
765;766;Ca.bmp;Em.bmp;Un.bmp;Uo.bmp;Fz.bmp;Co.bmp;An.bmp;Nk.bmp;Uk.bmp;80;50;3;L;U;U;N;K
766;767;Mf.bmp;Km.bmp;Zn.bmp;Oe.bmp;Cu.bmp;Hn.bmp;Zf.bmp;Az.bmp;Mu.bmp;50;15;1;L;M;M;F;U
767;768;Mh.bmp;Am.bmp;Ae.bmp;Nf.bmp;Uk.bmp;Ca.bmp;Zc.bmp;Mz.bmp;Uz.bmp;50;85;5;L;U;U;K;Z
768;769;Ec.bmp;No.bmp;Ah.bmp;En.bmp;Ek.bmp;Un.bmp;Mc.bmp;Ch.bmp;Ko.bmp;71;28;2;G;N;K;O;O
769;770;Un.bmp;Kh.bmp;Ku.bmp;Ou.bmp;Uo.bmp;Uh.bmp;An.bmp;Cm.bmp;Of.bmp;71;73;4;L;O;O;U;F
770;771;Uc.bmp;Zk.bmp;Ze.bmp;Eo.bmp;Kf.bmp;Eu.bmp;Ck.bmp;Zc.bmp;Fc.bmp;50;15;1;G;U;F;C;C
771;772;Oa.bmp;Ek.bmp;Of.bmp;On.bmp;Kn.bmp;Ku.bmp;Ez.bmp;Fn.bmp;Zn.bmp;50;85;5;G;K;Z;N;N
772;773;Ka.bmp;Ca.bmp;Uk.bmp;Nm.bmp;Az.bmp;Zk.bmp;Eo.bmp;Af.bmp;Ck.bmp;80;50;3;G;U;C;K;K
773;774;Ca.bmp;Ef.bmp;Ze.bmp;Na.bmp;Cf.bmp;Nz.bmp;Ke.bmp;Kn.bmp;Ce.bmp;50;15;1;L;C;C;A;E
774;775;Cu.bmp;No.bmp;Fo.bmp;Un.bmp;Kf.bmp;Ak.bmp;Zk.bmp;Fe.bmp;Ck.bmp;50;15;1;L;C;C;U;K
775;776;Fz.bmp;Um.bmp;Un.bmp;Zu.bmp;Hf.bmp;Nk.bmp;Am.bmp;Ne.bmp;Nh.bmp;29;27;8;L;N;N;E;H
776;777;Am.bmp;Zk.bmp;Mc.bmp;Un.bmp;Ah.bmp;Ek.bmp;Az.bmp;Ez.bmp;Zh.bmp;71;28;2;L;Z;Z;K;H
777;778;Cf.bmp;Ce.bmp;Nh.bmp;Hn.bmp;Hm.bmp;Mf.bmp;Kh.bmp;Fn.bmp;Kz.bmp;20;50;7;L;K;K;H;Z
778;779;Hz.bmp;Fz.bmp;Ek.bmp;Ze.bmp;Kf.bmp;Mh.bmp;Cf.bmp;Ne.bmp;Ez.bmp;50;15;1;G;H;E;Z;Z
779;780;Nf.bmp;Oh.bmp;Zh.bmp;No.bmp;Ez.bmp;Nh.bmp;Za.bmp;Mk.bmp;Nk.bmp;71;73;4;L;N;N;O;K
780;781;Uo.bmp;Ak.bmp;Of.bmp;Zk.bmp;Ca.bmp;Fu.bmp;Ue.bmp;Fc.bmp;Uz.bmp;20;50;7;L;U;U;E;Z
781;782;Ac.bmp;Nc.bmp;Ea.bmp;Kh.bmp;Km.bmp;Ma.bmp;Fz.bmp;Zc.bmp;Fk.bmp;20;50;7;L;F;F;Z;K
782;783;Nc.bmp;Hu.bmp;Mk.bmp;Ac.bmp;Ne.bmp;On.bmp;Ah.bmp;Ze.bmp;Uh.bmp;20;50;7;G;A;U;H;H
783;784;Um.bmp;Zf.bmp;Fe.bmp;Nz.bmp;Hz.bmp;Ea.bmp;He.bmp;Zc.bmp;Ez.bmp;71;73;4;G;N;E;Z;Z
784;785;Ch.bmp;An.bmp;Fe.bmp;Ku.bmp;Mf.bmp;Nc.bmp;Cm.bmp;Ko.bmp;Fk.bmp;80;50;3;L;F;F;E;K
785;786;Kn.bmp;Kh.bmp;Zm.bmp;Ae.bmp;Ca.bmp;Kc.bmp;Fz.bmp;Cu.bmp;Mu.bmp;29;27;8;G;C;M;U;U
786;787;Ku.bmp;Hz.bmp;Ha.bmp;Eo.bmp;Ka.bmp;Ch.bmp;Cu.bmp;Eu.bmp;Nu.bmp;50;15;1;G;K;N;U;U
787;788;Cm.bmp;Eu.bmp;Nz.bmp;Nm.bmp;Kn.bmp;Mn.bmp;Nh.bmp;Hk.bmp;Mc.bmp;29;73;6;L;M;M;N;C
788;789;Hn.bmp;Co.bmp;Nm.bmp;Ok.bmp;Ze.bmp;Nk.bmp;Nz.bmp;Oe.bmp;Ue.bmp;50;85;5;G;Z;U;E;E
789;790;Ue.bmp;Za.bmp;Na.bmp;Fc.bmp;Ha.bmp;Oc.bmp;Ua.bmp;Uo.bmp;Nh.bmp;80;50;3;L;N;N;A;H
790;791;Ue.bmp;Ho.bmp;Uf.bmp;Hu.bmp;Zo.bmp;Fo.bmp;Nm.bmp;Zu.bmp;Uc.bmp;80;50;3;L;U;U;F;C
791;792;Ue.bmp;On.bmp;Cu.bmp;Mc.bmp;Ok.bmp;Un.bmp;Mn.bmp;Fh.bmp;Zn.bmp;20;50;7;G;M;Z;N;N
792;793;Hc.bmp;Ck.bmp;Fh.bmp;Cn.bmp;Nm.bmp;Ma.bmp;Eu.bmp;Fn.bmp;Zn.bmp;29;27;8;G;F;Z;N;N
793;794;Ae.bmp;Fa.bmp;Oh.bmp;Cu.bmp;Mu.bmp;Nm.bmp;Mc.bmp;Ah.bmp;Ca.bmp;71;28;2;G;F;C;A;A
794;795;Hn.bmp;Fa.bmp;Eo.bmp;Zu.bmp;Zn.bmp;Zc.bmp;Ha.bmp;Hk.bmp;Eh.bmp;80;50;3;L;E;E;O;H
795;796;Uf.bmp;Ka.bmp;Ck.bmp;Eu.bmp;Ko.bmp;Nh.bmp;Mz.bmp;Ea.bmp;Eh.bmp;29;27;8;L;E;E;A;H
796;797;Fk.bmp;Hu.bmp;Af.bmp;Mh.bmp;Mz.bmp;Cf.bmp;Uo.bmp;Ok.bmp;Az.bmp;80;50;3;L;A;A;F;Z
797;798;Ek.bmp;Fc.bmp;Cz.bmp;Zh.bmp;Na.bmp;Oa.bmp;Mh.bmp;On.bmp;No.bmp;50;85;5;L;N;N;A;O
798;799;Zc.bmp;Zn.bmp;Ue.bmp;En.bmp;Mu.bmp;Fo.bmp;Am.bmp;No.bmp;Ae.bmp;20;50;7;L;A;A;M;E
799;800;Ck.bmp;Ou.bmp;Uz.bmp;Ce.bmp;Fm.bmp;Eu.bmp;Zm.bmp;Mu.bmp;Hm.bmp;20;50;7;G;Z;H;M;M
800;801;Nu.bmp;Um.bmp;Mu.bmp;Af.bmp;Mn.bmp;Kc.bmp;Ou.bmp;Ef.bmp;Uo.bmp;71;28;2;L;U;U;M;O
801;802;Hn.bmp;Zo.bmp;Ea.bmp;Oa.bmp;No.bmp;Ua.bmp;Uf.bmp;Ka.bmp;Uc.bmp;20;50;7;L;U;U;F;C
802;803;Fe.bmp;Oe.bmp;Ao.bmp;Ue.bmp;Zm.bmp;Zo.bmp;Uz.bmp;Nh.bmp;Fh.bmp;50;15;1;L;F;F;E;H
803;804;Hk.bmp;On.bmp;Cn.bmp;Mz.bmp;En.bmp;Fn.bmp;Fm.bmp;Kc.bmp;Oh.bmp;71;28;2;L;O;O;N;H
804;805;Mo.bmp;Kc.bmp;Oc.bmp;Ca.bmp;Nz.bmp;Zu.bmp;Eu.bmp;Mn.bmp;Cn.bmp;71;73;4;L;C;C;A;N
805;806;Eo.bmp;Ae.bmp;Ac.bmp;Ea.bmp;Uf.bmp;Cn.bmp;Ch.bmp;Of.bmp;Af.bmp;80;50;3;L;A;A;C;F
806;807;Au.bmp;Ec.bmp;Cm.bmp;Uk.bmp;Oa.bmp;Mn.bmp;Kh.bmp;En.bmp;Kc.bmp;71;28;2;G;E;K;C;C
807;808;Hn.bmp;Om.bmp;Ah.bmp;No.bmp;Ck.bmp;Zc.bmp;Zf.bmp;Uc.bmp;Zo.bmp;20;50;7;L;Z;Z;F;O
808;809;Ca.bmp;Mo.bmp;Uk.bmp;Ah.bmp;Zh.bmp;Fm.bmp;Mz.bmp;Fn.bmp;Fh.bmp;71;73;4;G;A;F;H;H
809;810;Ho.bmp;Ea.bmp;Nu.bmp;Zn.bmp;Um.bmp;Cm.bmp;Hk.bmp;Ha.bmp;Fm.bmp;29;73;6;G;C;F;M;M
810;811;Eo.bmp;Nf.bmp;Zf.bmp;Nc.bmp;He.bmp;Oe.bmp;Fe.bmp;Fz.bmp;Uf.bmp;71;28;2;G;N;U;F;F
811;812;He.bmp;Kc.bmp;Ea.bmp;Zu.bmp;Hu.bmp;Ca.bmp;Ah.bmp;Mc.bmp;Eu.bmp;50;85;5;G;H;E;U;U
812;813;Zk.bmp;Fm.bmp;Nh.bmp;Nz.bmp;Nu.bmp;Om.bmp;Ah.bmp;Zn.bmp;Fz.bmp;71;28;2;L;F;F;M;Z
813;814;Fe.bmp;Ka.bmp;No.bmp;Eu.bmp;Co.bmp;Oz.bmp;Zk.bmp;Af.bmp;Ua.bmp;71;28;2;G;K;U;A;A
814;815;Eh.bmp;Uk.bmp;Ko.bmp;Uc.bmp;Zf.bmp;Au.bmp;Mh.bmp;Uo.bmp;Mc.bmp;71;73;4;G;U;M;C;C
815;816;Ok.bmp;Zf.bmp;Uk.bmp;Oa.bmp;Ez.bmp;Mz.bmp;Az.bmp;Uz.bmp;Oc.bmp;50;15;1;L;O;O;K;C
816;817;Ne.bmp;Na.bmp;Oe.bmp;Mf.bmp;En.bmp;Ez.bmp;On.bmp;Zh.bmp;Uz.bmp;29;73;6;G;E;U;Z;Z
817;818;Uo.bmp;Em.bmp;Za.bmp;Ko.bmp;Kc.bmp;Ck.bmp;Fa.bmp;Fu.bmp;Ec.bmp;50;85;5;G;K;E;C;C
818;819;Zu.bmp;Ha.bmp;Ck.bmp;Hm.bmp;Om.bmp;Zk.bmp;Zm.bmp;Mo.bmp;Eu.bmp;50;15;1;G;Z;E;U;U
819;820;Oa.bmp;Mk.bmp;Fh.bmp;An.bmp;Fn.bmp;Hk.bmp;Zh.bmp;Fa.bmp;Ho.bmp;29;73;6;L;H;H;K;O
820;821;Eu.bmp;Cn.bmp;Na.bmp;Hu.bmp;Fe.bmp;Mh.bmp;Ko.bmp;Ac.bmp;Ae.bmp;50;85;5;G;F;A;E;E
821;822;Zf.bmp;Mf.bmp;Ku.bmp;Eo.bmp;Fn.bmp;Ec.bmp;Nc.bmp;Uo.bmp;Fe.bmp;50;85;5;L;F;F;N;E
822;823;Ma.bmp;Am.bmp;Ao.bmp;Kf.bmp;Fc.bmp;Oa.bmp;Nm.bmp;Fo.bmp;Mn.bmp;50;15;1;L;M;M;A;N
823;824;Ae.bmp;Ch.bmp;Un.bmp;Kf.bmp;Nf.bmp;Ao.bmp;Nc.bmp;Ku.bmp;Kh.bmp;71;28;2;G;C;K;H;H
824;825;Fn.bmp;Ua.bmp;Hk.bmp;Hu.bmp;Fh.bmp;On.bmp;Mk.bmp;Zk.bmp;Cu.bmp;71;73;4;G;H;C;U;U
825;826;Nh.bmp;An.bmp;Ko.bmp;Ka.bmp;Zh.bmp;Mh.bmp;Cz.bmp;Zu.bmp;Kh.bmp;50;15;1;G;N;K;H;H
826;827;An.bmp;Nf.bmp;Zc.bmp;Zn.bmp;Uo.bmp;Oc.bmp;Ez.bmp;Nh.bmp;Ho.bmp;50;85;5;G;U;H;O;O
827;828;Nf.bmp;Oh.bmp;Kf.bmp;Ah.bmp;Ko.bmp;Em.bmp;Ze.bmp;Cz.bmp;Ku.bmp;50;85;5;L;K;K;O;U
828;829;Kc.bmp;Uk.bmp;Ec.bmp;Ac.bmp;Ho.bmp;Mo.bmp;Mc.bmp;Um.bmp;Kn.bmp;50;15;1;L;K;K;C;N
829;830;On.bmp;Zf.bmp;Hu.bmp;Cn.bmp;Hc.bmp;Cz.bmp;Uk.bmp;Kf.bmp;Oc.bmp;50;15;1;L;O;O;N;C
830;831;Un.bmp;Nz.bmp;Fc.bmp;Mn.bmp;Na.bmp;Am.bmp;Uo.bmp;Cf.bmp;Ca.bmp;50;85;5;G;N;C;A;A
831;832;Au.bmp;On.bmp;Un.bmp;He.bmp;Fn.bmp;Uh.bmp;Ce.bmp;Za.bmp;Fa.bmp;50;85;5;L;F;F;N;A
832;833;Ec.bmp;Oc.bmp;Ze.bmp;Kz.bmp;Zf.bmp;Au.bmp;Nc.bmp;Ek.bmp;Oe.bmp;71;28;2;L;O;O;C;E
833;834;Ek.bmp;Mk.bmp;Ka.bmp;Oz.bmp;Nc.bmp;Ah.bmp;Oc.bmp;Co.bmp;Ma.bmp;80;50;3;G;K;M;A;A
834;835;Ez.bmp;Ec.bmp;Am.bmp;Az.bmp;Uz.bmp;Nm.bmp;Au.bmp;Ko.bmp;Mz.bmp;50;85;5;G;U;M;Z;Z
835;836;Um.bmp;Zf.bmp;Oh.bmp;Fu.bmp;Ao.bmp;Ea.bmp;Nm.bmp;Nc.bmp;Na.bmp;20;50;7;L;N;N;M;A
836;837;Fn.bmp;Na.bmp;Hz.bmp;Hu.bmp;Nk.bmp;Ac.bmp;Ek.bmp;An.bmp;Au.bmp;71;73;4;G;H;A;U;U
837;838;Cn.bmp;Oa.bmp;Nf.bmp;Af.bmp;Ck.bmp;Mo.bmp;Ho.bmp;Nh.bmp;Ao.bmp;20;50;7;G;H;A;O;O
838;839;Nc.bmp;Ze.bmp;Ma.bmp;He.bmp;Mk.bmp;Ke.bmp;Kz.bmp;Kc.bmp;Ne.bmp;71;73;4;G;H;N;E;E
839;840;An.bmp;Mn.bmp;On.bmp;Mk.bmp;Kf.bmp;Um.bmp;Mf.bmp;Zc.bmp;Mz.bmp;71;28;2;L;M;M;N;Z
840;841;Af.bmp;Oz.bmp;Ke.bmp;Mz.bmp;Fm.bmp;Uz.bmp;Na.bmp;Ou.bmp;Ue.bmp;29;73;6;L;U;U;Z;E
841;842;Fo.bmp;Na.bmp;Co.bmp;Ma.bmp;Kc.bmp;Ou.bmp;Zm.bmp;Ez.bmp;Ek.bmp;29;27;8;L;E;E;Z;K
842;843;Kz.bmp;Nf.bmp;Uz.bmp;Um.bmp;Ec.bmp;Ef.bmp;Ma.bmp;Kh.bmp;Hz.bmp;80;50;3;G;U;H;Z;Z
843;844;Ah.bmp;Cz.bmp;Cu.bmp;Az.bmp;Ke.bmp;Cf.bmp;No.bmp;Of.bmp;Ce.bmp;71;28;2;L;C;C;Z;E
844;845;No.bmp;Un.bmp;Ne.bmp;Fa.bmp;Kh.bmp;Am.bmp;Ma.bmp;Of.bmp;Km.bmp;50;85;5;L;K;K;H;M
845;846;Cu.bmp;Fh.bmp;Mh.bmp;Kf.bmp;Eo.bmp;Zm.bmp;Cn.bmp;An.bmp;Kh.bmp;80;50;3;G;M;K;H;H
846;847;Hz.bmp;Ua.bmp;Um.bmp;Ue.bmp;Uk.bmp;Hk.bmp;Fo.bmp;Ah.bmp;Hc.bmp;29;73;6;L;H;H;K;C
847;848;Zk.bmp;Zh.bmp;Uz.bmp;Nf.bmp;Ze.bmp;Ce.bmp;Uc.bmp;Mc.bmp;Ac.bmp;20;50;7;G;U;A;C;C
848;849;Zn.bmp;Nz.bmp;Ua.bmp;Nk.bmp;Fm.bmp;Ae.bmp;Ah.bmp;Mf.bmp;Eh.bmp;20;50;7;G;A;E;H;H
849;850;Um.bmp;Hk.bmp;Fk.bmp;Eu.bmp;Fm.bmp;Zf.bmp;Zk.bmp;Ae.bmp;Uz.bmp;50;15;1;L;U;U;M;Z
850;851;Nc.bmp;Ou.bmp;Mo.bmp;Oa.bmp;Kz.bmp;Ha.bmp;Fa.bmp;Ku.bmp;Za.bmp;20;50;7;G;F;Z;A;A
851;852;Kn.bmp;Ef.bmp;Mh.bmp;Un.bmp;Eh.bmp;Ua.bmp;Fo.bmp;Hz.bmp;Mo.bmp;80;50;3;L;M;M;H;O
852;853;Ne.bmp;Zk.bmp;Uc.bmp;Zf.bmp;Of.bmp;Um.bmp;Nm.bmp;Mc.bmp;Hc.bmp;80;50;3;G;U;H;C;C
853;854;Uh.bmp;Km.bmp;Ea.bmp;Kc.bmp;Ko.bmp;Of.bmp;Fu.bmp;Hz.bmp;Nz.bmp;29;27;8;G;H;N;Z;Z
854;855;Oe.bmp;Of.bmp;Ze.bmp;Fc.bmp;Mk.bmp;Cu.bmp;Ou.bmp;Uh.bmp;On.bmp;20;50;7;L;O;O;U;N
855;856;Zc.bmp;Eh.bmp;Ae.bmp;Ce.bmp;Kc.bmp;Nz.bmp;Mh.bmp;Zn.bmp;Cn.bmp;29;27;8;G;Z;C;N;N
856;857;Zm.bmp;Af.bmp;He.bmp;Ek.bmp;Hm.bmp;Ku.bmp;Fz.bmp;Uz.bmp;Me.bmp;80;50;3;G;H;M;E;E
857;858;Kc.bmp;Am.bmp;Oe.bmp;Oh.bmp;Fn.bmp;Ak.bmp;Ek.bmp;Ze.bmp;Au.bmp;71;28;2;L;A;A;M;U
858;859;Ce.bmp;Cz.bmp;Eu.bmp;Fe.bmp;Mz.bmp;Fo.bmp;Mu.bmp;Ca.bmp;Fn.bmp;29;73;6;L;F;F;O;N
859;860;Uc.bmp;Ez.bmp;Ae.bmp;Km.bmp;Oe.bmp;Ck.bmp;An.bmp;Zo.bmp;Ze.bmp;80;50;3;G;A;Z;E;E
860;861;Uc.bmp;Am.bmp;Fe.bmp;Ch.bmp;Um.bmp;Ma.bmp;Uf.bmp;Uh.bmp;Ka.bmp;29;73;6;G;M;K;A;A
861;862;En.bmp;Un.bmp;Hc.bmp;Ae.bmp;He.bmp;Hu.bmp;Co.bmp;Uf.bmp;Uc.bmp;29;27;8;L;U;U;F;C
862;863;Hu.bmp;Uo.bmp;Fh.bmp;Uk.bmp;Eh.bmp;Nc.bmp;Me.bmp;Ez.bmp;Mk.bmp;20;50;7;L;M;M;E;K
863;864;Af.bmp;Zu.bmp;He.bmp;Em.bmp;Nk.bmp;Hu.bmp;Nz.bmp;Kz.bmp;Hk.bmp;29;73;6;L;H;H;U;K
864;865;Ko.bmp;Mu.bmp;Me.bmp;Nz.bmp;Oe.bmp;Zc.bmp;Ah.bmp;Ke.bmp;Az.bmp;20;50;7;L;A;A;H;Z
865;866;Nu.bmp;Um.bmp;On.bmp;Zn.bmp;Fa.bmp;Zc.bmp;Oa.bmp;Hm.bmp;Kc.bmp;29;73;6;G;Z;K;C;C
866;867;Zf.bmp;Ea.bmp;Kh.bmp;Am.bmp;Ak.bmp;Nm.bmp;Ah.bmp;Hf.bmp;Ao.bmp;50;85;5;L;A;A;K;O
867;868;Oz.bmp;Ne.bmp;Hk.bmp;Uk.bmp;Oa.bmp;Km.bmp;Ou.bmp;Uo.bmp;Om.bmp;29;73;6;G;K;O;M;M
868;869;Oz.bmp;Mh.bmp;Kc.bmp;Zc.bmp;Ko.bmp;Hu.bmp;Km.bmp;Nz.bmp;Oe.bmp;50;15;1;L;O;O;Z;E
869;870;Ua.bmp;Fz.bmp;Nm.bmp;Kn.bmp;Zu.bmp;Me.bmp;Uk.bmp;Hc.bmp;Oz.bmp;71;28;2;G;F;O;Z;Z
870;871;Nz.bmp;Hf.bmp;Fn.bmp;Mo.bmp;Hn.bmp;Ne.bmp;Uk.bmp;Mk.bmp;Ck.bmp;20;50;7;G;U;C;K;K
871;872;Mz.bmp;Kn.bmp;Eo.bmp;Nk.bmp;Nz.bmp;Ke.bmp;Ao.bmp;Zm.bmp;Ka.bmp;29;73;6;L;K;K;E;A
872;873;Ek.bmp;Kn.bmp;Ka.bmp;Uf.bmp;Cu.bmp;Ae.bmp;Ac.bmp;Ez.bmp;Au.bmp;29;73;6;L;A;A;E;U
873;874;Ao.bmp;Mn.bmp;Ez.bmp;Kf.bmp;Fe.bmp;Ef.bmp;Ko.bmp;Ok.bmp;On.bmp;29;27;8;L;O;O;K;N
874;875;Ek.bmp;Na.bmp;Zk.bmp;Fh.bmp;Um.bmp;Az.bmp;Fo.bmp;Ha.bmp;Nu.bmp;71;28;2;L;N;N;A;U
875;876;Kc.bmp;Ea.bmp;Eu.bmp;Ho.bmp;En.bmp;Co.bmp;Mh.bmp;Em.bmp;Ca.bmp;71;28;2;G;E;C;A;A
876;877;Ho.bmp;Zu.bmp;Hk.bmp;Uk.bmp;Zo.bmp;Uo.bmp;Em.bmp;Ke.bmp;Ko.bmp;50;85;5;G;Z;K;O;O
877;878;Cn.bmp;Eh.bmp;Fk.bmp;Fu.bmp;Hm.bmp;Am.bmp;Af.bmp;Mu.bmp;Ak.bmp;20;50;7;L;A;A;F;K
878;879;Zk.bmp;Fh.bmp;Cn.bmp;Eu.bmp;Ch.bmp;Nm.bmp;Uk.bmp;Oh.bmp;Ez.bmp;71;73;4;L;E;E;U;Z
879;880;Kh.bmp;Ah.bmp;Co.bmp;Um.bmp;Fz.bmp;Ca.bmp;Hf.bmp;Af.bmp;Uc.bmp;71;73;4;L;U;U;M;C
880;881;Nc.bmp;Nz.bmp;Zu.bmp;Kz.bmp;Cn.bmp;Fo.bmp;Nu.bmp;Zh.bmp;Zk.bmp;29;27;8;L;Z;Z;H;K
881;882;Zm.bmp;Uf.bmp;Km.bmp;He.bmp;En.bmp;Zh.bmp;Oh.bmp;Hz.bmp;Ch.bmp;20;50;7;G;O;C;H;H
882;883;Mk.bmp;An.bmp;Fn.bmp;Mf.bmp;Oh.bmp;Ok.bmp;Cf.bmp;Um.bmp;Fk.bmp;29;73;6;G;O;F;K;K
883;884;Nc.bmp;Ak.bmp;Az.bmp;Kh.bmp;Oh.bmp;Nu.bmp;Kc.bmp;Nf.bmp;Kn.bmp;71;73;4;L;K;K;H;N
884;885;On.bmp;Ok.bmp;Ae.bmp;Hf.bmp;An.bmp;Hz.bmp;Nc.bmp;Zk.bmp;Zh.bmp;29;27;8;L;Z;Z;K;H
885;886;Um.bmp;Mn.bmp;Mh.bmp;Uf.bmp;Nh.bmp;Ka.bmp;Uh.bmp;Zk.bmp;Ak.bmp;29;27;8;G;Z;A;K;K
886;887;Uh.bmp;Zm.bmp;Hc.bmp;Az.bmp;Af.bmp;Nc.bmp;Oa.bmp;Zo.bmp;Hz.bmp;71;73;4;G;A;H;Z;Z
887;888;Ha.bmp;Kh.bmp;Mk.bmp;Ma.bmp;Zu.bmp;Az.bmp;Nc.bmp;Km.bmp;Zh.bmp;50;85;5;L;Z;Z;U;H
888;889;Ch.bmp;Oh.bmp;On.bmp;Oe.bmp;Kn.bmp;An.bmp;Oz.bmp;Uf.bmp;Oa.bmp;80;50;3;L;O;O;N;A
889;890;Zk.bmp;Ne.bmp;Cm.bmp;Oa.bmp;Uk.bmp;Ha.bmp;Eo.bmp;Me.bmp;He.bmp;29;73;6;L;H;H;A;E
890;891;Af.bmp;Ao.bmp;Fo.bmp;Ma.bmp;Cz.bmp;Nm.bmp;Ha.bmp;Fk.bmp;No.bmp;71;28;2;G;A;N;O;O
891;892;Ha.bmp;Um.bmp;An.bmp;Me.bmp;No.bmp;Ak.bmp;Zu.bmp;Hk.bmp;Za.bmp;50;15;1;G;H;Z;A;A
892;893;Fu.bmp;Fn.bmp;Co.bmp;Mn.bmp;Ne.bmp;Zk.bmp;Kh.bmp;Oh.bmp;Au.bmp;50;15;1;G;F;A;U;U
893;894;Az.bmp;Kh.bmp;Ko.bmp;Uc.bmp;Zu.bmp;Ck.bmp;Fm.bmp;Fn.bmp;Uh.bmp;71;28;2;G;K;U;H;H
894;895;Ac.bmp;Mk.bmp;Ak.bmp;Ao.bmp;He.bmp;Fk.bmp;Au.bmp;Ho.bmp;Uo.bmp;71;73;4;G;A;U;O;O
895;896;Oa.bmp;Cf.bmp;Fz.bmp;Fa.bmp;Fk.bmp;Ok.bmp;Ka.bmp;Zk.bmp;Ck.bmp;29;27;8;G;Z;C;K;K
896;897;Nk.bmp;Hz.bmp;Uz.bmp;Ua.bmp;Cf.bmp;Fe.bmp;Ae.bmp;Fk.bmp;Zf.bmp;50;85;5;G;C;Z;F;F
897;898;Mo.bmp;Az.bmp;Cz.bmp;Kn.bmp;Hz.bmp;Eo.bmp;Km.bmp;Fn.bmp;Kc.bmp;20;50;7;L;K;K;M;C
898;899;En.bmp;Cz.bmp;Na.bmp;Eu.bmp;Cn.bmp;Nm.bmp;Of.bmp;Hc.bmp;Ou.bmp;20;50;7;L;O;O;F;U
899;900;Zh.bmp;Zo.bmp;Oz.bmp;Uc.bmp;Ke.bmp;Ac.bmp;Az.bmp;Ek.bmp;Ne.bmp;50;85;5;G;K;N;E;E
900;901;Uo.bmp;Ak.bmp;Zm.bmp;Un.bmp;Ma.bmp;Hf.bmp;Ce.bmp;Ko.bmp;Zk.bmp;80;50;3;L;Z;Z;M;K
901;902;Ae.bmp;Az.bmp;Oc.bmp;Kh.bmp;Cn.bmp;Fz.bmp;Za.bmp;Fh.bmp;Nh.bmp;71;73;4;G;K;N;H;H
902;903;Ou.bmp;Ao.bmp;Kn.bmp;Me.bmp;Oc.bmp;Hz.bmp;Eu.bmp;Hk.bmp;Uc.bmp;50;85;5;G;O;U;C;C
903;904;Mc.bmp;Ma.bmp;Ao.bmp;Hu.bmp;Kn.bmp;Oa.bmp;Hn.bmp;Fe.bmp;Mf.bmp;50;15;1;L;M;M;C;F
904;905;Oz.bmp;Nh.bmp;Uf.bmp;Ah.bmp;Ak.bmp;Mo.bmp;Mh.bmp;Az.bmp;Nk.bmp;50;85;5;G;A;N;K;K
905;906;Ck.bmp;Eh.bmp;En.bmp;Hk.bmp;Ah.bmp;Nf.bmp;Zk.bmp;Uo.bmp;Ea.bmp;80;50;3;L;E;E;N;A
906;907;Fa.bmp;Ea.bmp;Ec.bmp;Fh.bmp;No.bmp;Un.bmp;Ue.bmp;Ku.bmp;Ke.bmp;20;50;7;G;U;K;E;E
907;908;Oz.bmp;Ou.bmp;Mc.bmp;Oa.bmp;Ko.bmp;Ak.bmp;Fc.bmp;Zo.bmp;Ah.bmp;29;73;6;L;A;A;K;H
908;909;Fa.bmp;Ua.bmp;Ka.bmp;An.bmp;Nh.bmp;He.bmp;Na.bmp;On.bmp;Ha.bmp;71;28;2;G;U;H;A;A
909;910;Ck.bmp;Ka.bmp;Uc.bmp;Ao.bmp;Un.bmp;Ho.bmp;Az.bmp;Zu.bmp;Cn.bmp;50;15;1;L;C;C;K;N
910;911;Zf.bmp;Fc.bmp;Hn.bmp;Kz.bmp;Ac.bmp;Zo.bmp;Oa.bmp;Au.bmp;Ec.bmp;50;85;5;G;A;E;C;C
911;912;Ae.bmp;Fn.bmp;Cn.bmp;Oe.bmp;On.bmp;Fa.bmp;Mn.bmp;Am.bmp;Ce.bmp;80;50;3;L;C;C;N;E
912;913;Cn.bmp;Fz.bmp;No.bmp;Mz.bmp;Uh.bmp;Ez.bmp;Ho.bmp;En.bmp;Mc.bmp;71;73;4;L;M;M;Z;C
913;914;Zh.bmp;Ma.bmp;Mu.bmp;Fc.bmp;Ef.bmp;Mz.bmp;Nc.bmp;Kc.bmp;Fa.bmp;71;28;2;G;M;F;A;A
914;915;Hf.bmp;Ez.bmp;Fm.bmp;Fc.bmp;Nk.bmp;Ka.bmp;Zh.bmp;Eu.bmp;Ek.bmp;71;28;2;L;E;E;Z;K
915;916;Ok.bmp;Ke.bmp;Fa.bmp;Mz.bmp;No.bmp;Nk.bmp;Zh.bmp;Ku.bmp;Az.bmp;71;73;4;G;M;A;Z;Z
916;917;Oh.bmp;Mk.bmp;Fn.bmp;Nk.bmp;Mf.bmp;Hz.bmp;Co.bmp;Ko.bmp;Fz.bmp;80;50;3;L;F;F;N;Z
917;918;Fz.bmp;Fo.bmp;Ae.bmp;Of.bmp;Oe.bmp;Ha.bmp;Ma.bmp;Oz.bmp;Ze.bmp;80;50;3;G;A;Z;E;E
918;919;Em.bmp;Hk.bmp;Ac.bmp;Hz.bmp;Eu.bmp;Um.bmp;Hf.bmp;Nf.bmp;Au.bmp;50;85;5;G;E;A;U;U
919;920;Em.bmp;Au.bmp;Un.bmp;Hk.bmp;Nc.bmp;Cm.bmp;Za.bmp;Ue.bmp;Ae.bmp;29;27;8;G;U;A;E;E
920;921;Ac.bmp;Nu.bmp;Eh.bmp;Fz.bmp;Oc.bmp;Uo.bmp;Ek.bmp;Uh.bmp;Oh.bmp;80;50;3;G;E;O;H;H
921;922;Uh.bmp;Zo.bmp;On.bmp;Ce.bmp;Ou.bmp;Ea.bmp;Cz.bmp;Ho.bmp;Ck.bmp;71;73;4;L;C;C;E;K
922;923;Fh.bmp;Mo.bmp;Kf.bmp;Kz.bmp;Uf.bmp;Ao.bmp;Mc.bmp;Mu.bmp;Ko.bmp;80;50;3;L;K;K;F;O
923;924;Ho.bmp;Ma.bmp;Fh.bmp;Ck.bmp;Fk.bmp;Hn.bmp;Oc.bmp;Om.bmp;Me.bmp;71;28;2;L;M;M;A;E
924;925;Kh.bmp;Fz.bmp;Na.bmp;Um.bmp;Oc.bmp;Mk.bmp;Kf.bmp;Hf.bmp;Km.bmp;50;15;1;L;K;K;H;M
925;926;En.bmp;Fh.bmp;Ef.bmp;Fe.bmp;Hc.bmp;Zk.bmp;Cf.bmp;Ce.bmp;Uf.bmp;20;50;7;G;C;U;F;F
926;927;Ec.bmp;Mc.bmp;On.bmp;Zc.bmp;Az.bmp;Au.bmp;Ca.bmp;Fe.bmp;Ck.bmp;20;50;7;L;C;C;A;K
927;928;Hm.bmp;Mu.bmp;Na.bmp;Ck.bmp;Cz.bmp;Hf.bmp;He.bmp;Zf.bmp;Nf.bmp;29;73;6;G;H;N;F;F
928;929;Ec.bmp;Cf.bmp;Ko.bmp;Kc.bmp;Oh.bmp;Mo.bmp;Ou.bmp;Eh.bmp;Eo.bmp;29;73;6;G;M;E;O;O
929;930;Hz.bmp;Ue.bmp;No.bmp;Fo.bmp;Ma.bmp;Hu.bmp;Ac.bmp;Uc.bmp;Nz.bmp;50;15;1;G;H;N;Z;Z
930;931;Oa.bmp;Ho.bmp;He.bmp;Ka.bmp;Kz.bmp;Ou.bmp;Ua.bmp;Oz.bmp;Kc.bmp;50;85;5;L;K;K;Z;C
931;932;Az.bmp;Mh.bmp;Cm.bmp;Kz.bmp;Uh.bmp;Eh.bmp;Hn.bmp;En.bmp;Hz.bmp;50;15;1;G;A;H;Z;Z
932;933;Kf.bmp;Un.bmp;Eo.bmp;Zu.bmp;Ck.bmp;Ze.bmp;Ce.bmp;Nk.bmp;Of.bmp;50;15;1;G;K;O;F;F
933;934;Ez.bmp;Oh.bmp;Hf.bmp;Cz.bmp;Ue.bmp;Um.bmp;Oe.bmp;Mn.bmp;Om.bmp;29;73;6;G;U;O;M;M
934;935;Fe.bmp;He.bmp;Zn.bmp;Oh.bmp;Na.bmp;Kz.bmp;On.bmp;Ch.bmp;Cn.bmp;80;50;3;G;Z;C;N;N
935;936;Nm.bmp;On.bmp;Nz.bmp;Au.bmp;Co.bmp;Fn.bmp;Oz.bmp;Fk.bmp;Ku.bmp;71;73;4;G;A;K;U;U
936;937;Nc.bmp;Nz.bmp;Ze.bmp;Mn.bmp;Nu.bmp;Ek.bmp;Mk.bmp;Nm.bmp;Uk.bmp;20;50;7;G;M;U;K;K
937;938;Mk.bmp;Ou.bmp;Uz.bmp;Ok.bmp;Mh.bmp;Uf.bmp;Kz.bmp;Of.bmp;Fk.bmp;71;73;4;G;O;F;K;K
938;939;Me.bmp;Ck.bmp;Zm.bmp;Zf.bmp;Eu.bmp;Ac.bmp;Ne.bmp;Mo.bmp;Au.bmp;29;73;6;L;A;A;C;U
939;940;Hu.bmp;Fn.bmp;Kh.bmp;Ko.bmp;Hk.bmp;Nk.bmp;Fu.bmp;Ck.bmp;Kc.bmp;80;50;3;L;K;K;H;C
940;941;Ue.bmp;Zh.bmp;Oz.bmp;Fe.bmp;Ma.bmp;Zu.bmp;Ah.bmp;Ze.bmp;Kh.bmp;20;50;7;G;A;K;H;H
941;942;Zf.bmp;Oe.bmp;Mz.bmp;Nh.bmp;Eo.bmp;Cn.bmp;Zn.bmp;Na.bmp;Nu.bmp;71;73;4;L;N;N;H;U
942;943;Fn.bmp;Ec.bmp;Ea.bmp;On.bmp;Am.bmp;Za.bmp;Fa.bmp;Kc.bmp;Hc.bmp;29;27;8;G;K;H;C;C
943;944;Nm.bmp;Ea.bmp;Om.bmp;Hm.bmp;Ha.bmp;Em.bmp;Oz.bmp;Ah.bmp;Ac.bmp;29;27;8;L;A;A;H;C
944;945;Oh.bmp;Za.bmp;Um.bmp;Zf.bmp;Ah.bmp;Nh.bmp;Ke.bmp;Ka.bmp;Fe.bmp;20;50;7;G;K;F;E;E
945;946;Af.bmp;Hn.bmp;Ue.bmp;Ka.bmp;Fm.bmp;Uk.bmp;Mc.bmp;Me.bmp;Ha.bmp;71;28;2;L;H;H;N;A
946;947;Fk.bmp;En.bmp;Mh.bmp;Nk.bmp;Hn.bmp;Zh.bmp;Om.bmp;Af.bmp;Zo.bmp;29;73;6;L;Z;Z;H;O
947;948;Ne.bmp;Ck.bmp;Af.bmp;Oa.bmp;Eo.bmp;Fm.bmp;Ez.bmp;Kn.bmp;Eh.bmp;20;50;7;L;E;E;Z;H
948;949;Fn.bmp;En.bmp;Eu.bmp;Oa.bmp;Nz.bmp;Mz.bmp;He.bmp;Kc.bmp;Me.bmp;29;73;6;L;M;M;Z;E
949;950;Ez.bmp;Ze.bmp;Uh.bmp;Mu.bmp;Az.bmp;Uk.bmp;Uc.bmp;Eo.bmp;Em.bmp;29;27;8;L;E;E;O;M
950;951;Ca.bmp;Ko.bmp;Mk.bmp;Ck.bmp;Ef.bmp;Eu.bmp;Cz.bmp;Uc.bmp;Ce.bmp;71;73;4;L;C;C;K;E
951;952;Fa.bmp;He.bmp;Ao.bmp;Zf.bmp;Em.bmp;Ak.bmp;Ka.bmp;Za.bmp;Mf.bmp;71;73;4;G;Z;M;F;F
952;953;Hk.bmp;Fe.bmp;Oz.bmp;Zu.bmp;Uk.bmp;Cm.bmp;Un.bmp;Uc.bmp;Mk.bmp;50;85;5;G;U;M;K;K
953;954;Uf.bmp;Oc.bmp;Nz.bmp;On.bmp;Hu.bmp;Nf.bmp;Hn.bmp;Ec.bmp;Of.bmp;71;73;4;L;O;O;N;F
954;955;Hu.bmp;Ku.bmp;Ko.bmp;He.bmp;Em.bmp;Kh.bmp;Fu.bmp;Fm.bmp;Ez.bmp;50;85;5;L;E;E;M;Z
955;956;Eh.bmp;Mk.bmp;Oe.bmp;Au.bmp;Nk.bmp;Zh.bmp;Nm.bmp;Za.bmp;Ea.bmp;50;15;1;L;E;E;H;A
956;957;Un.bmp;Kn.bmp;Eu.bmp;Eh.bmp;Km.bmp;Zh.bmp;Fz.bmp;Nm.bmp;Uh.bmp;50;15;1;L;U;U;N;H
957;958;Hu.bmp;Cz.bmp;Ue.bmp;Ho.bmp;Nh.bmp;Az.bmp;Nu.bmp;Mo.bmp;Au.bmp;20;50;7;G;N;A;U;U
958;959;Ac.bmp;Fo.bmp;Ou.bmp;Ak.bmp;Ec.bmp;Hm.bmp;Ua.bmp;On.bmp;Km.bmp;29;73;6;G;H;K;M;M
959;960;Na.bmp;Cf.bmp;Ze.bmp;Ke.bmp;Ek.bmp;Mz.bmp;No.bmp;Mk.bmp;Ez.bmp;50;85;5;L;E;E;K;Z
960;961;Kf.bmp;Ck.bmp;Oe.bmp;Fm.bmp;Zh.bmp;Mk.bmp;Ho.bmp;Cm.bmp;Zf.bmp;50;85;5;L;Z;Z;H;F
961;962;Fa.bmp;Zn.bmp;Ma.bmp;Nk.bmp;Mo.bmp;Zh.bmp;Zm.bmp;Um.bmp;Cn.bmp;71;28;2;G;Z;C;N;N
962;963;Ke.bmp;Fm.bmp;On.bmp;Ho.bmp;Ah.bmp;Nf.bmp;Hz.bmp;Nu.bmp;Uo.bmp;71;73;4;G;H;U;O;O
963;964;Zm.bmp;Za.bmp;Zh.bmp;Zk.bmp;Un.bmp;Ze.bmp;Mh.bmp;Ua.bmp;Hn.bmp;50;85;5;G;U;H;N;N
964;965;Kf.bmp;Zk.bmp;Ok.bmp;Ne.bmp;Ce.bmp;Fh.bmp;Cz.bmp;Ch.bmp;Cm.bmp;50;85;5;L;C;C;E;M
965;966;Mf.bmp;Fn.bmp;Co.bmp;Ha.bmp;Hn.bmp;Ea.bmp;Hm.bmp;Kn.bmp;En.bmp;29;73;6;L;E;E;A;N
966;967;Fe.bmp;Em.bmp;Nc.bmp;Cn.bmp;Kz.bmp;Mz.bmp;Na.bmp;Fk.bmp;Ch.bmp;71;73;4;L;C;C;N;H
967;968;Om.bmp;Nu.bmp;Mf.bmp;Fm.bmp;Kf.bmp;Ck.bmp;Nc.bmp;Mk.bmp;Ko.bmp;50;85;5;L;K;K;F;O
968;969;Mf.bmp;Uo.bmp;Za.bmp;Na.bmp;Nf.bmp;Nc.bmp;Af.bmp;Ch.bmp;Ua.bmp;71;28;2;L;U;U;O;A
969;970;Eu.bmp;Fk.bmp;Ck.bmp;Mc.bmp;Mn.bmp;Uc.bmp;Eh.bmp;Mo.bmp;Co.bmp;80;50;3;L;C;C;K;O
970;971;Ha.bmp;Zc.bmp;Uf.bmp;Zh.bmp;Fa.bmp;Mu.bmp;Ch.bmp;Ce.bmp;Fo.bmp;50;85;5;L;F;F;A;O
971;972;Ne.bmp;Oz.bmp;Fz.bmp;Ea.bmp;Uf.bmp;Ue.bmp;Ou.bmp;Ma.bmp;Mz.bmp;29;27;8;L;M;M;A;Z
972;973;Fn.bmp;Eu.bmp;Zn.bmp;Cn.bmp;Me.bmp;Zm.bmp;Om.bmp;Oh.bmp;Oa.bmp;20;50;7;L;O;O;M;A
973;974;Ef.bmp;Cf.bmp;Cm.bmp;Ao.bmp;Fk.bmp;Zo.bmp;Oz.bmp;On.bmp;Of.bmp;29;27;8;L;O;O;N;F
974;975;Mn.bmp;Cn.bmp;Nh.bmp;Ec.bmp;Nm.bmp;Ko.bmp;Ac.bmp;Hc.bmp;Kz.bmp;29;73;6;L;K;K;O;Z
975;976;Hc.bmp;Ao.bmp;Zk.bmp;Nk.bmp;Cn.bmp;Hf.bmp;Hn.bmp;Na.bmp;Hz.bmp;20;50;7;L;H;H;N;Z
976;977;Ku.bmp;Zm.bmp;Kn.bmp;Hu.bmp;Uz.bmp;Ac.bmp;Hk.bmp;Fn.bmp;Ka.bmp;50;15;1;L;K;K;U;A
977;978;Ho.bmp;Uc.bmp;Ou.bmp;Cf.bmp;Zf.bmp;Ca.bmp;Uf.bmp;Cu.bmp;Uz.bmp;71;28;2;L;U;U;C;Z
978;979;Fe.bmp;Oa.bmp;Ze.bmp;Fc.bmp;Za.bmp;Fh.bmp;Nf.bmp;Ou.bmp;Zu.bmp;80;50;3;L;Z;Z;E;U
979;980;Fe.bmp;Nm.bmp;Na.bmp;Mf.bmp;Kf.bmp;Oh.bmp;Ah.bmp;Of.bmp;Ke.bmp;50;85;5;L;K;K;F;E
980;981;Ez.bmp;Cz.bmp;Mc.bmp;Nc.bmp;Ac.bmp;Fm.bmp;Uk.bmp;Nm.bmp;Cn.bmp;71;28;2;L;C;C;Z;N
981;982;Kh.bmp;Ah.bmp;Hu.bmp;Ec.bmp;Ek.bmp;Zf.bmp;Zn.bmp;Km.bmp;En.bmp;50;85;5;L;E;E;K;N
982;983;Eu.bmp;Kh.bmp;Mu.bmp;Ah.bmp;He.bmp;Zk.bmp;No.bmp;Ea.bmp;Nm.bmp;20;50;7;L;N;N;O;M
983;984;Fa.bmp;Om.bmp;An.bmp;Fo.bmp;On.bmp;Nh.bmp;Ef.bmp;Oc.bmp;Am.bmp;80;50;3;L;A;A;N;M
984;985;Uz.bmp;Zo.bmp;Co.bmp;Oh.bmp;Ch.bmp;Ha.bmp;Km.bmp;Ek.bmp;Cz.bmp;80;50;3;L;C;C;O;Z
985;986;Ho.bmp;No.bmp;Oa.bmp;Ua.bmp;Cu.bmp;Em.bmp;Cz.bmp;On.bmp;Hk.bmp;50;15;1;L;H;H;O;K
986;987;Mz.bmp;Az.bmp;Ea.bmp;Un.bmp;Zu.bmp;Fz.bmp;Fk.bmp;Ue.bmp;Eo.bmp;80;50;3;L;E;E;A;O
987;988;Fa.bmp;Kf.bmp;Au.bmp;Mh.bmp;Fk.bmp;Om.bmp;Ze.bmp;Mo.bmp;Ko.bmp;71;28;2;L;K;K;F;O
988;989;Ou.bmp;Ak.bmp;Mc.bmp;Fa.bmp;Ea.bmp;Af.bmp;Zk.bmp;Oe.bmp;Fm.bmp;71;73;4;L;F;F;A;M
989;990;Co.bmp;Fh.bmp;Zf.bmp;Zu.bmp;Ez.bmp;Au.bmp;En.bmp;Af.bmp;Ac.bmp;29;27;8;L;A;A;F;C
990;991;Um.bmp;Zh.bmp;Nc.bmp;Mu.bmp;Ze.bmp;Fe.bmp;Kh.bmp;Za.bmp;Zf.bmp;50;85;5;L;Z;Z;E;F
991;992;Na.bmp;Au.bmp;Za.bmp;Ea.bmp;He.bmp;Fa.bmp;Hn.bmp;Cf.bmp;Az.bmp;71;28;2;L;A;A;U;Z
992;993;Ek.bmp;Mn.bmp;En.bmp;Ca.bmp;Mh.bmp;Ez.bmp;Kn.bmp;Ko.bmp;Cm.bmp;71;73;4;L;C;C;A;M
993;994;Ac.bmp;Mh.bmp;Un.bmp;Zc.bmp;Um.bmp;Fo.bmp;Kz.bmp;Ah.bmp;Mn.bmp;71;28;2;L;M;M;H;N
994;995;Nz.bmp;Mu.bmp;Eu.bmp;Ce.bmp;Zn.bmp;Mf.bmp;Mh.bmp;Uf.bmp;Nf.bmp;50;15;1;L;N;N;Z;F
995;996;Kc.bmp;Oz.bmp;Ef.bmp;Fh.bmp;Kz.bmp;Mz.bmp;Ek.bmp;Co.bmp;Kn.bmp;50;85;5;L;K;K;Z;N
996;997;Fu.bmp;Ez.bmp;Ka.bmp;Kz.bmp;Nc.bmp;Fh.bmp;Oe.bmp;Oh.bmp;Ke.bmp;80;50;3;L;K;K;A;E
997;998;Nh.bmp;Mo.bmp;Na.bmp;Ce.bmp;Hz.bmp;Am.bmp;Nu.bmp;Cf.bmp;Mn.bmp;71;28;2;L;M;M;O;N
998;999;An.bmp;Ek.bmp;Zm.bmp;Oz.bmp;Ac.bmp;Am.bmp;Me.bmp;Hf.bmp;Az.bmp;29;73;6;L;A;A;M;Z
999;1000;Fz.bmp;Fn.bmp;Uh.bmp;Mc.bmp;Zo.bmp;Mk.bmp;No.bmp;Mo.bmp;Mu.bmp;29;73;6;L;M;M;K;U
